resume_text,category
"Michael Smith
Backend Engineer | Email: michael.smith@example.com | Phone: +1-555-859-5506

SUMMARY
A analytical Backend Engineer with 3+ years of experience in the software industry, specialized in designing microservices architectures and delivering high-quality business value.

SKILLS
Git, REST APIs, Go, Microservices, MongoDB, Python, Redis, SQL

EXPERIENCE
Software Engineer - Backend | DataSystems Inc. (2019 - Present)
- Designed and implemented high-performance REST APIs handling over 10,000 requests per minute.
- Writing comprehensive unit tests to ensure application reliability and security.
- Collaborating with frontend engineers to define API contracts and specs.

EDUCATION
Bachelor of Science in Information Systems
Institute of Science & Tech (2015)",Backend Developer
"Amanda Thompson
Backend Engineer | Email: amanda.thompson@example.com | Phone: +1-555-384-1106

SUMMARY
A experienced Backend Engineer with 4+ years of experience in the software industry, specialized in optimizing database performance and delivering high-quality business value.

SKILLS
Express, PostgreSQL, Go, Docker, MongoDB, Microservices

EXPERIENCE
Software Engineer - Backend | Apex Global (2020 - Present)
- Optimized database queries and schema design, leading to a 40% reduction in database CPU usage.
- Collaborating with frontend engineers to define API contracts and specs.
- Implementing caching strategies using Redis to improve user experience.

EDUCATION
Bachelor of Science in Information Systems
Tech University (2018)",Backend Developer
"Robert Jackson
Software Engineer - Backend | Email: robert.jackson@example.com | Phone: +1-555-400-6925

SUMMARY
A analytical Software Engineer - Backend with 3+ years of experience in the software industry, specialized in building highly scalable RESTful services and delivering high-quality business value.

SKILLS
Express, FastAPI, Go, SQL, Docker, MongoDB, Node.js, Microservices

EXPERIENCE
Senior Backend Developer | Apex Global (2019 - Present)
- Optimized database queries and schema design, leading to a 40% reduction in database CPU usage.
- Collaborating with frontend engineers to define API contracts and specs.
- Implementing caching strategies using Redis to improve user experience.

EDUCATION
Bachelor of Science in Computer Science
Western Engineering College (2014)",Backend Developer
"Stephanie Garcia
Senior Backend Developer | Email: stephanie.garcia@example.com | Phone: +1-555-267-8573

SUMMARY
A highly skilled Senior Backend Developer with 4+ years of experience in the software industry, specialized in designing microservices architectures and delivering high-quality business value.

SKILLS
Express, Python, PostgreSQL, MongoDB, FastAPI, Go

EXPERIENCE
Software Engineer - Backend | DataSystems Inc. (2022 - Present)
- Optimized database queries and schema design, leading to a 40% reduction in database CPU usage.
- Collaborating with frontend engineers to define API contracts and specs.
- Implementing caching strategies using Redis to improve user experience.

EDUCATION
MS in Software Engineering
National Science University (2019)",Backend Developer
"William Rodriguez
Software Engineer - Backend | Email: william.rodriguez@example.com | Phone: +1-555-242-5040

SUMMARY
A highly skilled Software Engineer - Backend with 6 years of experience in the software industry, specialized in implementing robust backend architectures and delivering high-quality business value.

SKILLS
Express, Node.js, REST APIs, Redis, Go, Python, MongoDB

EXPERIENCE
Software Engineer - Backend | InnovateSoft (2019 - Present)
- Migrated a monolithic application into microservices, reducing server response times by 30%.
- Writing comprehensive unit tests to ensure application reliability and security.
- Implementing caching strategies using Redis to improve user experience.

EDUCATION
Bachelor of Science in Information Systems
Tech University (2018)",Backend Developer
"Jessica White
Senior Backend Developer | Email: jessica.white@example.com | Phone: +1-555-579-9669

SUMMARY
A detail-oriented Senior Backend Developer with 4+ years of experience in the software industry, specialized in building highly scalable RESTful services and delivering high-quality business value.

SKILLS
PostgreSQL, Go, FastAPI, MongoDB, Node.js, Redis, Python, SQL

EXPERIENCE
Backend Engineer | WebFlow Digital (2022 - Present)
- Designed and implemented high-performance REST APIs handling over 10,000 requests per minute.
- Writing comprehensive unit tests to ensure application reliability and security.
- Implementing caching strategies using Redis to improve user experience.

EDUCATION
Bachelor of Science in Information Systems
Western Engineering College (2015)",Backend Developer
"William Anderson
Software Engineer - Backend | Email: william.anderson@example.com | Phone: +1-555-880-3646

SUMMARY
A detail-oriented Software Engineer - Backend with 6 years of experience in the software industry, specialized in optimizing database performance and delivering high-quality business value.

SKILLS
Go, PostgreSQL, FastAPI, Express, Python, Microservices

EXPERIENCE
Backend Engineer | NexGen Enterprises (2018 - Present)
- Integrated secure OAuth2 authentication flow and third-party payment gateways.
- Collaborating with frontend engineers to define API contracts and specs.
- Writing comprehensive unit tests to ensure application reliability and security.

EDUCATION
MS in Information Technology
National Science University (2019)",Backend Developer
"Stephanie Miller
Software Engineer - Backend | Email: stephanie.miller@example.com | Phone: +1-555-371-9645

SUMMARY
A experienced Software Engineer - Backend with 5+ years of experience in the software industry, specialized in designing microservices architectures and delivering high-quality business value.

SKILLS
FastAPI, MongoDB, Docker, PostgreSQL, Redis, REST APIs, Python, Go

EXPERIENCE
Senior Backend Developer | DataSystems Inc. (2018 - Present)
- Designed and implemented high-performance REST APIs handling over 10,000 requests per minute.
- Writing comprehensive unit tests to ensure application reliability and security.
- Collaborating with frontend engineers to define API contracts and specs.

EDUCATION
Bachelor of Science in Information Systems
State University of Technology (2012)",Backend Developer
"Robert Johnson
Backend Engineer | Email: robert.johnson@example.com | Phone: +1-555-334-2104

SUMMARY
A highly skilled Backend Engineer with 5+ years of experience in the software industry, specialized in building highly scalable RESTful services and delivering high-quality business value.

SKILLS
Docker, Redis, Express, REST APIs, Node.js, Git, Go

EXPERIENCE
Backend Engineer | Alpha Consulting (2021 - Present)
- Designed and implemented high-performance REST APIs handling over 10,000 requests per minute.
- Collaborating with frontend engineers to define API contracts and specs.
- Implementing caching strategies using Redis to improve user experience.

EDUCATION
Bachelor of Engineering
Institute of Science & Tech (2018)",Backend Developer
"Amanda Johnson
Backend Engineer | Email: amanda.johnson@example.com | Phone: +1-555-789-2612

SUMMARY
A experienced Backend Engineer with 3+ years of experience in the software industry, specialized in optimizing database performance and delivering high-quality business value.

SKILLS
Express, SQL, REST APIs, Redis, Node.js, MongoDB

EXPERIENCE
Senior Backend Developer | CloudDynamics (2020 - Present)
- Migrated a monolithic application into microservices, reducing server response times by 30%.
- Collaborating with frontend engineers to define API contracts and specs.
- Implementing caching strategies using Redis to improve user experience.

EDUCATION
Bachelor of Science in Information Systems
Tech University (2012)",Backend Developer
"Stephanie Smith
Backend Engineer | Email: stephanie.smith@example.com | Phone: +1-555-195-4872

SUMMARY
A experienced Backend Engineer with 6 years of experience in the software industry, specialized in implementing robust backend architectures and delivering high-quality business value.

SKILLS
MongoDB, Python, Node.js, SQL, Git, Microservices

EXPERIENCE
Senior Backend Developer | WebFlow Digital (2021 - Present)
- Integrated secure OAuth2 authentication flow and third-party payment gateways.
- Writing comprehensive unit tests to ensure application reliability and security.
- Implementing caching strategies using Redis to improve user experience.

EDUCATION
MS in Information Technology
State University of Technology (2016)",Backend Developer
"Richard Johnson
Backend Engineer | Email: richard.johnson@example.com | Phone: +1-555-693-9883

SUMMARY
A highly skilled Backend Engineer with 3+ years of experience in the software industry, specialized in building highly scalable RESTful services and delivering high-quality business value.

SKILLS
Redis, REST APIs, Git, Node.js, Python, Go, MongoDB, SQL

EXPERIENCE
Backend Engineer | InnovateSoft (2022 - Present)
- Migrated a monolithic application into microservices, reducing server response times by 30%.
- Implementing caching strategies using Redis to improve user experience.
- Collaborating with frontend engineers to define API contracts and specs.

EDUCATION
Bachelor of Science in Information Systems
State University of Technology (2012)",Backend Developer
"Heather Williams
Senior Backend Developer | Email: heather.williams@example.com | Phone: +1-555-529-9565

SUMMARY
A highly skilled Senior Backend Developer with 4+ years of experience in the software industry, specialized in designing microservices architectures and delivering high-quality business value.

SKILLS
FastAPI, MongoDB, Node.js, SQL, Redis, PostgreSQL

EXPERIENCE
Senior Backend Developer | InnovateSoft (2018 - Present)
- Designed and implemented high-performance REST APIs handling over 10,000 requests per minute.
- Collaborating with frontend engineers to define API contracts and specs.
- Writing comprehensive unit tests to ensure application reliability and security.

EDUCATION
Bachelor of Science in Information Systems
Metropolitan University (2014)",Backend Developer
"Emily Williams
Senior Backend Developer | Email: emily.williams@example.com | Phone: +1-555-350-7054

SUMMARY
A analytical Senior Backend Developer with 4+ years of experience in the software industry, specialized in implementing robust backend architectures and delivering high-quality business value.

SKILLS
SQL, Docker, REST APIs, Python, Git, FastAPI, PostgreSQL, Microservices

EXPERIENCE
Backend Engineer | CloudDynamics (2020 - Present)
- Designed and implemented high-performance REST APIs handling over 10,000 requests per minute.
- Writing comprehensive unit tests to ensure application reliability and security.
- Collaborating with frontend engineers to define API contracts and specs.

EDUCATION
Bachelor of Engineering
Metropolitan University (2015)",Backend Developer
"Sarah Davis
Software Engineer - Backend | Email: sarah.davis@example.com | Phone: +1-555-803-5325

SUMMARY
A experienced Software Engineer - Backend with 3+ years of experience in the software industry, specialized in optimizing database performance and delivering high-quality business value.

SKILLS
Docker, MongoDB, FastAPI, Python, Microservices, PostgreSQL

EXPERIENCE
Backend Engineer | CloudDynamics (2020 - Present)
- Integrated secure OAuth2 authentication flow and third-party payment gateways.
- Writing comprehensive unit tests to ensure application reliability and security.
- Implementing caching strategies using Redis to improve user experience.

EDUCATION
Bachelor of Science in Information Systems
Tech University (2013)",Backend Developer
"Robert Jones
Senior Backend Developer | Email: robert.jones@example.com | Phone: +1-555-658-1590

SUMMARY
A analytical Senior Backend Developer with 5+ years of experience in the software industry, specialized in implementing robust backend architectures and delivering high-quality business value.

SKILLS
FastAPI, PostgreSQL, Python, Git, Express, REST APIs

EXPERIENCE
Software Engineer - Backend | InnovateSoft (2020 - Present)
- Integrated secure OAuth2 authentication flow and third-party payment gateways.
- Writing comprehensive unit tests to ensure application reliability and security.
- Collaborating with frontend engineers to define API contracts and specs.

EDUCATION
MS in Information Technology
State University of Technology (2014)",Backend Developer
"Ashley Smith
Senior Backend Developer | Email: ashley.smith@example.com | Phone: +1-555-283-6442

SUMMARY
A analytical Senior Backend Developer with 5+ years of experience in the software industry, specialized in optimizing database performance and delivering high-quality business value.

SKILLS
Go, MongoDB, Python, Redis, Express, REST APIs, Git, Microservices

EXPERIENCE
Backend Engineer | Apex Global (2020 - Present)
- Migrated a monolithic application into microservices, reducing server response times by 30%.
- Collaborating with frontend engineers to define API contracts and specs.
- Writing comprehensive unit tests to ensure application reliability and security.

EDUCATION
MS in Software Engineering
Metropolitan University (2016)",Backend Developer
"Robert Rodriguez
Senior Backend Developer | Email: robert.rodriguez@example.com | Phone: +1-555-459-9346

SUMMARY
A highly skilled Senior Backend Developer with 3+ years of experience in the software industry, specialized in building highly scalable RESTful services and delivering high-quality business value.

SKILLS
Node.js, Microservices, FastAPI, Python, Go, MongoDB, SQL

EXPERIENCE
Software Engineer - Backend | Apex Global (2021 - Present)
- Designed and implemented high-performance REST APIs handling over 10,000 requests per minute.
- Implementing caching strategies using Redis to improve user experience.
- Collaborating with frontend engineers to define API contracts and specs.

EDUCATION
Bachelor of Engineering
Tech University (2018)",Backend Developer
"James Martin
Software Engineer - Backend | Email: james.martin@example.com | Phone: +1-555-925-9821

SUMMARY
A analytical Software Engineer - Backend with 6 years of experience in the software industry, specialized in optimizing database performance and delivering high-quality business value.

SKILLS
Docker, PostgreSQL, Microservices, Git, Go, FastAPI

EXPERIENCE
Software Engineer - Backend | ByteWise Technologies (2020 - Present)
- Integrated secure OAuth2 authentication flow and third-party payment gateways.
- Implementing caching strategies using Redis to improve user experience.
- Writing comprehensive unit tests to ensure application reliability and security.

EDUCATION
Bachelor of Engineering
Western Engineering College (2014)",Backend Developer
"Richard Thomas
Software Engineer - Backend | Email: richard.thomas@example.com | Phone: +1-555-780-7211

SUMMARY
A analytical Software Engineer - Backend with 6 years of experience in the software industry, specialized in optimizing database performance and delivering high-quality business value.

SKILLS
Python, FastAPI, Git, Express, MongoDB, PostgreSQL, Microservices, REST APIs

EXPERIENCE
Software Engineer - Backend | Alpha Consulting (2019 - Present)
- Integrated secure OAuth2 authentication flow and third-party payment gateways.
- Writing comprehensive unit tests to ensure application reliability and security.
- Collaborating with frontend engineers to define API contracts and specs.

EDUCATION
Bachelor of Science in Computer Science
Metropolitan University (2020)",Backend Developer
"Heather Martinez
Software Engineer - Backend | Email: heather.martinez@example.com | Phone: +1-555-195-4848

SUMMARY
A highly skilled Software Engineer - Backend with 5+ years of experience in the software industry, specialized in designing microservices architectures and delivering high-quality business value.

SKILLS
Python, SQL, Express, Redis, Go, Microservices

EXPERIENCE
Backend Engineer | SecureNet Solutions (2022 - Present)
- Integrated secure OAuth2 authentication flow and third-party payment gateways.
- Implementing caching strategies using Redis to improve user experience.
- Writing comprehensive unit tests to ensure application reliability and security.

EDUCATION
MS in Information Technology
State University of Technology (2012)",Backend Developer
"Michael Thomas
Software Engineer - Backend | Email: michael.thomas@example.com | Phone: +1-555-324-3881

SUMMARY
A experienced Software Engineer - Backend with 5+ years of experience in the software industry, specialized in building highly scalable RESTful services and delivering high-quality business value.

SKILLS
Redis, Node.js, SQL, REST APIs, Microservices, PostgreSQL

EXPERIENCE
Software Engineer - Backend | Alpha Consulting (2022 - Present)
- Integrated secure OAuth2 authentication flow and third-party payment gateways.
- Writing comprehensive unit tests to ensure application reliability and security.
- Implementing caching strategies using Redis to improve user experience.

EDUCATION
MS in Information Technology
National Science University (2019)",Backend Developer
"Amanda Rodriguez
Software Engineer - Backend | Email: amanda.rodriguez@example.com | Phone: +1-555-869-5050

SUMMARY
A highly skilled Software Engineer - Backend with 5+ years of experience in the software industry, specialized in implementing robust backend architectures and delivering high-quality business value.

SKILLS
Redis, Go, FastAPI, Express, Docker, PostgreSQL, Node.js

EXPERIENCE
Backend Engineer | ByteWise Technologies (2018 - Present)
- Migrated a monolithic application into microservices, reducing server response times by 30%.
- Collaborating with frontend engineers to define API contracts and specs.
- Implementing caching strategies using Redis to improve user experience.

EDUCATION
MS in Information Technology
National Science University (2015)",Backend Developer
"Robert Thomas
Software Engineer - Backend | Email: robert.thomas@example.com | Phone: +1-555-517-6421

SUMMARY
A experienced Software Engineer - Backend with 3+ years of experience in the software industry, specialized in implementing robust backend architectures and delivering high-quality business value.

SKILLS
MongoDB, SQL, Microservices, Python, Git, Redis

EXPERIENCE
Senior Backend Developer | TechCorp Solutions (2020 - Present)
- Integrated secure OAuth2 authentication flow and third-party payment gateways.
- Implementing caching strategies using Redis to improve user experience.
- Collaborating with frontend engineers to define API contracts and specs.

EDUCATION
MS in Software Engineering
State University of Technology (2016)",Backend Developer
"Ashley Moore
Senior Backend Developer | Email: ashley.moore@example.com | Phone: +1-555-129-7371

SUMMARY
A experienced Senior Backend Developer with 6 years of experience in the software industry, specialized in designing microservices architectures and delivering high-quality business value.

SKILLS
Microservices, REST APIs, Python, MongoDB, Docker, Go

EXPERIENCE
Senior Backend Developer | SecureNet Solutions (2019 - Present)
- Migrated a monolithic application into microservices, reducing server response times by 30%.
- Collaborating with frontend engineers to define API contracts and specs.
- Implementing caching strategies using Redis to improve user experience.

EDUCATION
MS in Software Engineering
Metropolitan University (2015)",Backend Developer
"Amanda Martinez
Senior Backend Developer | Email: amanda.martinez@example.com | Phone: +1-555-445-7211

SUMMARY
A experienced Senior Backend Developer with 3+ years of experience in the software industry, specialized in optimizing database performance and delivering high-quality business value.

SKILLS
Python, Git, REST APIs, SQL, PostgreSQL, Express, Docker

EXPERIENCE
Backend Engineer | InnovateSoft (2018 - Present)
- Migrated a monolithic application into microservices, reducing server response times by 30%.
- Collaborating with frontend engineers to define API contracts and specs.
- Writing comprehensive unit tests to ensure application reliability and security.

EDUCATION
Bachelor of Science in Information Systems
State University of Technology (2015)",Backend Developer
"William Moore
Software Engineer - Backend | Email: william.moore@example.com | Phone: +1-555-785-2874

SUMMARY
A analytical Software Engineer - Backend with 4+ years of experience in the software industry, specialized in implementing robust backend architectures and delivering high-quality business value.

SKILLS
Node.js, Microservices, Git, Go, SQL, FastAPI, Python

EXPERIENCE
Senior Backend Developer | NexGen Enterprises (2018 - Present)
- Integrated secure OAuth2 authentication flow and third-party payment gateways.
- Implementing caching strategies using Redis to improve user experience.
- Collaborating with frontend engineers to define API contracts and specs.

EDUCATION
Bachelor of Science in Computer Science
Western Engineering College (2015)",Backend Developer
"Michael Wilson
Software Engineer - Backend | Email: michael.wilson@example.com | Phone: +1-555-970-2983

SUMMARY
A detail-oriented Software Engineer - Backend with 6 years of experience in the software industry, specialized in optimizing database performance and delivering high-quality business value.

SKILLS
PostgreSQL, Go, REST APIs, SQL, Python, MongoDB, Redis, Express

EXPERIENCE
Senior Backend Developer | InnovateSoft (2021 - Present)
- Integrated secure OAuth2 authentication flow and third-party payment gateways.
- Writing comprehensive unit tests to ensure application reliability and security.
- Collaborating with frontend engineers to define API contracts and specs.

EDUCATION
MS in Software Engineering
State University of Technology (2020)",Backend Developer
"Thomas White
Senior Backend Developer | Email: thomas.white@example.com | Phone: +1-555-927-9817

SUMMARY
A experienced Senior Backend Developer with 4+ years of experience in the software industry, specialized in implementing robust backend architectures and delivering high-quality business value.

SKILLS
Express, Go, FastAPI, Redis, SQL, Microservices, Docker

EXPERIENCE
Senior Backend Developer | NexGen Enterprises (2021 - Present)
- Designed and implemented high-performance REST APIs handling over 10,000 requests per minute.
- Implementing caching strategies using Redis to improve user experience.
- Writing comprehensive unit tests to ensure application reliability and security.

EDUCATION
MS in Information Technology
Institute of Science & Tech (2015)",Backend Developer
"Emily Rodriguez
Software Engineer - Backend | Email: emily.rodriguez@example.com | Phone: +1-555-448-5581

SUMMARY
A highly skilled Software Engineer - Backend with 5+ years of experience in the software industry, specialized in building highly scalable RESTful services and delivering high-quality business value.

SKILLS
Express, Git, MongoDB, Redis, REST APIs, SQL

EXPERIENCE
Senior Backend Developer | Alpha Consulting (2021 - Present)
- Designed and implemented high-performance REST APIs handling over 10,000 requests per minute.
- Collaborating with frontend engineers to define API contracts and specs.
- Implementing caching strategies using Redis to improve user experience.

EDUCATION
MS in Information Technology
Institute of Science & Tech (2015)",Backend Developer
"Charles Thompson
Software Engineer - Backend | Email: charles.thompson@example.com | Phone: +1-555-477-8753

SUMMARY
A highly skilled Software Engineer - Backend with 4+ years of experience in the software industry, specialized in implementing robust backend architectures and delivering high-quality business value.

SKILLS
Git, Redis, FastAPI, Docker, Microservices, Express, Python

EXPERIENCE
Backend Engineer | DataSystems Inc. (2020 - Present)
- Migrated a monolithic application into microservices, reducing server response times by 30%.
- Collaborating with frontend engineers to define API contracts and specs.
- Writing comprehensive unit tests to ensure application reliability and security.

EDUCATION
MS in Software Engineering
Metropolitan University (2020)",Backend Developer
"Heather Wilson
Senior Backend Developer | Email: heather.wilson@example.com | Phone: +1-555-202-4180

SUMMARY
A analytical Senior Backend Developer with 5+ years of experience in the software industry, specialized in optimizing database performance and delivering high-quality business value.

SKILLS
Python, Git, REST APIs, Node.js, FastAPI, SQL, Redis

EXPERIENCE
Software Engineer - Backend | ByteWise Technologies (2020 - Present)
- Migrated a monolithic application into microservices, reducing server response times by 30%.
- Writing comprehensive unit tests to ensure application reliability and security.
- Implementing caching strategies using Redis to improve user experience.

EDUCATION
Bachelor of Science in Computer Science
Tech University (2016)",Backend Developer
"Jennifer Moore
Backend Engineer | Email: jennifer.moore@example.com | Phone: +1-555-551-6582

SUMMARY
A detail-oriented Backend Engineer with 6 years of experience in the software industry, specialized in optimizing database performance and delivering high-quality business value.

SKILLS
Go, MongoDB, Redis, SQL, Python, Node.js

EXPERIENCE
Senior Backend Developer | CloudDynamics (2022 - Present)
- Designed and implemented high-performance REST APIs handling over 10,000 requests per minute.
- Collaborating with frontend engineers to define API contracts and specs.
- Writing comprehensive unit tests to ensure application reliability and security.

EDUCATION
Bachelor of Science in Information Systems
Institute of Science & Tech (2015)",Backend Developer
"Melissa Taylor
Senior Backend Developer | Email: melissa.taylor@example.com | Phone: +1-555-561-8253

SUMMARY
A experienced Senior Backend Developer with 3+ years of experience in the software industry, specialized in optimizing database performance and delivering high-quality business value.

SKILLS
Git, Go, Express, Docker, FastAPI, SQL, Redis, MongoDB

EXPERIENCE
Backend Engineer | CloudDynamics (2022 - Present)
- Migrated a monolithic application into microservices, reducing server response times by 30%.
- Collaborating with frontend engineers to define API contracts and specs.
- Implementing caching strategies using Redis to improve user experience.

EDUCATION
MS in Software Engineering
National Science University (2019)",Backend Developer
"Charles Johnson
Software Engineer - Backend | Email: charles.johnson@example.com | Phone: +1-555-337-5720

SUMMARY
A highly skilled Software Engineer - Backend with 3+ years of experience in the software industry, specialized in implementing robust backend architectures and delivering high-quality business value.

SKILLS
Express, FastAPI, Docker, Microservices, SQL, MongoDB, Python, Git

EXPERIENCE
Senior Backend Developer | DataSystems Inc. (2019 - Present)
- Migrated a monolithic application into microservices, reducing server response times by 30%.
- Collaborating with frontend engineers to define API contracts and specs.
- Writing comprehensive unit tests to ensure application reliability and security.

EDUCATION
MS in Information Technology
Metropolitan University (2016)",Backend Developer
"Amanda Brown
Software Engineer - Backend | Email: amanda.brown@example.com | Phone: +1-555-579-5982

SUMMARY
A experienced Software Engineer - Backend with 6 years of experience in the software industry, specialized in optimizing database performance and delivering high-quality business value.

SKILLS
Go, Microservices, Python, MongoDB, PostgreSQL, FastAPI, Docker

EXPERIENCE
Software Engineer - Backend | InnovateSoft (2019 - Present)
- Designed and implemented high-performance REST APIs handling over 10,000 requests per minute.
- Writing comprehensive unit tests to ensure application reliability and security.
- Implementing caching strategies using Redis to improve user experience.

EDUCATION
Bachelor of Science in Information Systems
Tech University (2014)",Backend Developer
"Jennifer Martin
Senior Backend Developer | Email: jennifer.martin@example.com | Phone: +1-555-767-8245

SUMMARY
A analytical Senior Backend Developer with 6 years of experience in the software industry, specialized in implementing robust backend architectures and delivering high-quality business value.

SKILLS
Redis, PostgreSQL, MongoDB, Git, Microservices, Go

EXPERIENCE
Senior Backend Developer | CloudDynamics (2020 - Present)
- Integrated secure OAuth2 authentication flow and third-party payment gateways.
- Implementing caching strategies using Redis to improve user experience.
- Writing comprehensive unit tests to ensure application reliability and security.

EDUCATION
Bachelor of Science in Information Systems
Tech University (2019)",Backend Developer
"Robert Martinez
Backend Engineer | Email: robert.martinez@example.com | Phone: +1-555-358-6296

SUMMARY
A experienced Backend Engineer with 6 years of experience in the software industry, specialized in building highly scalable RESTful services and delivering high-quality business value.

SKILLS
Python, Express, REST APIs, PostgreSQL, Redis, Docker, MongoDB

EXPERIENCE
Senior Backend Developer | TechCorp Solutions (2019 - Present)
- Migrated a monolithic application into microservices, reducing server response times by 30%.
- Implementing caching strategies using Redis to improve user experience.
- Writing comprehensive unit tests to ensure application reliability and security.

EDUCATION
MS in Software Engineering
Tech University (2012)",Backend Developer
"Heather Garcia
Senior Backend Developer | Email: heather.garcia@example.com | Phone: +1-555-826-3594

SUMMARY
A detail-oriented Senior Backend Developer with 3+ years of experience in the software industry, specialized in implementing robust backend architectures and delivering high-quality business value.

SKILLS
Go, Redis, SQL, Node.js, Git, FastAPI

EXPERIENCE
Senior Backend Developer | ByteWise Technologies (2020 - Present)
- Integrated secure OAuth2 authentication flow and third-party payment gateways.
- Implementing caching strategies using Redis to improve user experience.
- Collaborating with frontend engineers to define API contracts and specs.

EDUCATION
MS in Software Engineering
Western Engineering College (2014)",Backend Developer
"Jessica Davis
Software Engineer - Backend | Email: jessica.davis@example.com | Phone: +1-555-713-9327

SUMMARY
A analytical Software Engineer - Backend with 4+ years of experience in the software industry, specialized in building highly scalable RESTful services and delivering high-quality business value.

SKILLS
PostgreSQL, REST APIs, FastAPI, Python, Docker, Git, MongoDB

EXPERIENCE
Software Engineer - Backend | NexGen Enterprises (2022 - Present)
- Integrated secure OAuth2 authentication flow and third-party payment gateways.
- Collaborating with frontend engineers to define API contracts and specs.
- Implementing caching strategies using Redis to improve user experience.

EDUCATION
Bachelor of Science in Information Systems
Institute of Science & Tech (2017)",Backend Developer
"Sarah Jackson
Senior Systems Analyst | Email: sarah.jackson@example.com | Phone: +1-555-881-9903

SUMMARY
A strategic Senior Systems Analyst with 5+ years of experience in the software industry, specialized in facilitating Agile workshops and delivering high-quality business value.

SKILLS
Confluence, User Stories, UML, Gap Analysis, Tableau, Agile methodologies, JIRA, Excel

EXPERIENCE
Senior Systems Analyst | Alpha Consulting (2021 - Present)
- Created detailed Business Requirement Documents (BRDs) and Functional Specification Documents.
- Facilitating scrum ceremonies including product backlog refinement and sprint planning.
- Translating high-level business requirements into clear backlog items and user stories.

EDUCATION
MS in Information Technology
Western Engineering College (2017)",Business Analyst
"Michael Hernandez
Senior Systems Analyst | Email: michael.hernandez@example.com | Phone: +1-555-202-9617

SUMMARY
A results-driven Senior Systems Analyst with 6+ years of experience in the software industry, specialized in process optimization and delivering high-quality business value.

SKILLS
JIRA, Scrum, BRD, SQL, Excel, UML, FRD, Agile methodologies

EXPERIENCE
Senior Systems Analyst | Apex Global (2022 - Present)
- Conducted process mapping and gap analysis, improving internal operational efficiency by 15%.
- Communicating project updates, risks, and scope changes clearly to stakeholders.
- Facilitating scrum ceremonies including product backlog refinement and sprint planning.

EDUCATION
Bachelor of Science in Information Systems
Tech University (2013)",Business Analyst
"Joseph Wilson
Senior Systems Analyst | Email: joseph.wilson@example.com | Phone: +1-555-332-2480

SUMMARY
A results-driven Senior Systems Analyst with 6+ years of experience in the software industry, specialized in requirements engineering and delivering high-quality business value.

SKILLS
PowerBI, SQL, Agile methodologies, Tableau, Excel, User Stories

EXPERIENCE
Senior Systems Analyst | WebFlow Digital (2020 - Present)
- Led UAT sessions with key business stakeholders to ensure software alignment with client needs.
- Translating high-level business requirements into clear backlog items and user stories.
- Communicating project updates, risks, and scope changes clearly to stakeholders.

EDUCATION
Bachelor of Science in Information Systems
Institute of Science & Tech (2014)",Business Analyst
"David Miller
Product Owner / Business Analyst | Email: david.miller@example.com | Phone: +1-555-180-7267

SUMMARY
A adaptable Product Owner / Business Analyst with 5+ years of experience in the software industry, specialized in aligning business strategies with technical deliverables and delivering high-quality business value.

SKILLS
BRD, Tableau, SQL, Gap Analysis, PowerBI, Agile methodologies

EXPERIENCE
Product Owner / Business Analyst | Alpha Consulting (2020 - Present)
- Created detailed Business Requirement Documents (BRDs) and Functional Specification Documents.
- Translating high-level business requirements into clear backlog items and user stories.
- Facilitating scrum ceremonies including product backlog refinement and sprint planning.

EDUCATION
Bachelor of Engineering
Western Engineering College (2016)",Business Analyst
"Ashley Rodriguez
Business Analyst | Email: ashley.rodriguez@example.com | Phone: +1-555-567-5949

SUMMARY
A strategic Business Analyst with 4+ years of experience in the software industry, specialized in aligning business strategies with technical deliverables and delivering high-quality business value.

SKILLS
UML, User Stories, Excel, PowerBI, SQL, FRD

EXPERIENCE
Senior Systems Analyst | TechCorp Solutions (2021 - Present)
- Successfully gathered requirements and delivered a complex ERP platform, increasing project success rate by 20%.
- Communicating project updates, risks, and scope changes clearly to stakeholders.
- Translating high-level business requirements into clear backlog items and user stories.

EDUCATION
Bachelor of Science in Information Systems
National Science University (2019)",Business Analyst
"Charles Garcia
Business Analyst | Email: charles.garcia@example.com | Phone: +1-555-721-6772

SUMMARY
A adaptable Business Analyst with 5+ years of experience in the software industry, specialized in facilitating Agile workshops and delivering high-quality business value.

SKILLS
Scrum, Tableau, PowerBI, Agile methodologies, SQL, BRD, User Stories, FRD

EXPERIENCE
Business Analyst | Apex Global (2019 - Present)
- Conducted process mapping and gap analysis, improving internal operational efficiency by 15%.
- Facilitating scrum ceremonies including product backlog refinement and sprint planning.
- Communicating project updates, risks, and scope changes clearly to stakeholders.

EDUCATION
MS in Information Technology
State University of Technology (2014)",Business Analyst
"Stephanie Anderson
Senior Systems Analyst | Email: stephanie.anderson@example.com | Phone: +1-555-643-9221

SUMMARY
A adaptable Senior Systems Analyst with 6+ years of experience in the software industry, specialized in facilitating Agile workshops and delivering high-quality business value.

SKILLS
PowerBI, Excel, Scrum, BRD, Tableau, JIRA, UML

EXPERIENCE
Product Owner / Business Analyst | DataSystems Inc. (2021 - Present)
- Conducted process mapping and gap analysis, improving internal operational efficiency by 15%.
- Translating high-level business requirements into clear backlog items and user stories.
- Facilitating scrum ceremonies including product backlog refinement and sprint planning.

EDUCATION
Bachelor of Science in Computer Science
Metropolitan University (2020)",Business Analyst
"Michael Hernandez
Product Owner / Business Analyst | Email: michael.hernandez@example.com | Phone: +1-555-477-5295

SUMMARY
A strategic Product Owner / Business Analyst with 4+ years of experience in the software industry, specialized in facilitating Agile workshops and delivering high-quality business value.

SKILLS
Confluence, BRD, Agile methodologies, User Stories, FRD, Excel, SQL, Scrum

EXPERIENCE
Product Owner / Business Analyst | InnovateSoft (2021 - Present)
- Conducted process mapping and gap analysis, improving internal operational efficiency by 15%.
- Communicating project updates, risks, and scope changes clearly to stakeholders.
- Facilitating scrum ceremonies including product backlog refinement and sprint planning.

EDUCATION
Bachelor of Science in Computer Science
State University of Technology (2012)",Business Analyst
"John Wilson
Business Analyst | Email: john.wilson@example.com | Phone: +1-555-604-2902

SUMMARY
A adaptable Business Analyst with 6+ years of experience in the software industry, specialized in process optimization and delivering high-quality business value.

SKILLS
Excel, Tableau, FRD, UML, JIRA, User Stories, Gap Analysis

EXPERIENCE
Product Owner / Business Analyst | InnovateSoft (2021 - Present)
- Led UAT sessions with key business stakeholders to ensure software alignment with client needs.
- Facilitating scrum ceremonies including product backlog refinement and sprint planning.
- Translating high-level business requirements into clear backlog items and user stories.

EDUCATION
Bachelor of Engineering
State University of Technology (2019)",Business Analyst
"Amanda Garcia
Business Analyst | Email: amanda.garcia@example.com | Phone: +1-555-975-6942

SUMMARY
A detail-oriented Business Analyst with 4+ years of experience in the software industry, specialized in facilitating Agile workshops and delivering high-quality business value.

SKILLS
SQL, Confluence, Scrum, BRD, Tableau, PowerBI, Excel

EXPERIENCE
Business Analyst | NexGen Enterprises (2018 - Present)
- Conducted process mapping and gap analysis, improving internal operational efficiency by 15%.
- Translating high-level business requirements into clear backlog items and user stories.
- Communicating project updates, risks, and scope changes clearly to stakeholders.

EDUCATION
Bachelor of Science in Information Systems
State University of Technology (2013)",Business Analyst
"Stephanie Davis
Business Analyst | Email: stephanie.davis@example.com | Phone: +1-555-700-4538

SUMMARY
A detail-oriented Business Analyst with 4+ years of experience in the software industry, specialized in process optimization and delivering high-quality business value.

SKILLS
JIRA, Gap Analysis, FRD, SQL, PowerBI, Scrum, Excel

EXPERIENCE
Business Analyst | TechCorp Solutions (2019 - Present)
- Conducted process mapping and gap analysis, improving internal operational efficiency by 15%.
- Translating high-level business requirements into clear backlog items and user stories.
- Facilitating scrum ceremonies including product backlog refinement and sprint planning.

EDUCATION
Bachelor of Science in Computer Science
State University of Technology (2016)",Business Analyst
"John Jones
Product Owner / Business Analyst | Email: john.jones@example.com | Phone: +1-555-859-7897

SUMMARY
A results-driven Product Owner / Business Analyst with 6+ years of experience in the software industry, specialized in requirements engineering and delivering high-quality business value.

SKILLS
Gap Analysis, Excel, FRD, User Stories, Scrum, BRD, SQL

EXPERIENCE
Business Analyst | DataSystems Inc. (2022 - Present)
- Conducted process mapping and gap analysis, improving internal operational efficiency by 15%.
- Facilitating scrum ceremonies including product backlog refinement and sprint planning.
- Translating high-level business requirements into clear backlog items and user stories.

EDUCATION
Bachelor of Science in Computer Science
Institute of Science & Tech (2018)",Business Analyst
"Ashley Brown
Business Analyst | Email: ashley.brown@example.com | Phone: +1-555-602-8267

SUMMARY
A results-driven Business Analyst with 5+ years of experience in the software industry, specialized in facilitating Agile workshops and delivering high-quality business value.

SKILLS
JIRA, SQL, User Stories, Tableau, FRD, Excel

EXPERIENCE
Product Owner / Business Analyst | SecureNet Solutions (2022 - Present)
- Conducted process mapping and gap analysis, improving internal operational efficiency by 15%.
- Facilitating scrum ceremonies including product backlog refinement and sprint planning.
- Communicating project updates, risks, and scope changes clearly to stakeholders.

EDUCATION
Bachelor of Science in Computer Science
National Science University (2013)",Business Analyst
"Stephanie Davis
Business Analyst | Email: stephanie.davis@example.com | Phone: +1-555-540-8398

SUMMARY
A strategic Business Analyst with 6+ years of experience in the software industry, specialized in facilitating Agile workshops and delivering high-quality business value.

SKILLS
UML, PowerBI, Scrum, Excel, Gap Analysis, User Stories, BRD

EXPERIENCE
Business Analyst | WebFlow Digital (2020 - Present)
- Led UAT sessions with key business stakeholders to ensure software alignment with client needs.
- Translating high-level business requirements into clear backlog items and user stories.
- Communicating project updates, risks, and scope changes clearly to stakeholders.

EDUCATION
Bachelor of Science in Computer Science
Tech University (2018)",Business Analyst
"Michael Anderson
Product Owner / Business Analyst | Email: michael.anderson@example.com | Phone: +1-555-931-3131

SUMMARY
A results-driven Product Owner / Business Analyst with 4+ years of experience in the software industry, specialized in facilitating Agile workshops and delivering high-quality business value.

SKILLS
Excel, Tableau, UML, Agile methodologies, SQL, FRD, JIRA

EXPERIENCE
Product Owner / Business Analyst | InnovateSoft (2022 - Present)
- Created detailed Business Requirement Documents (BRDs) and Functional Specification Documents.
- Translating high-level business requirements into clear backlog items and user stories.
- Facilitating scrum ceremonies including product backlog refinement and sprint planning.

EDUCATION
MS in Information Technology
Tech University (2017)",Business Analyst
"Stephanie Anderson
Product Owner / Business Analyst | Email: stephanie.anderson@example.com | Phone: +1-555-217-5564

SUMMARY
A adaptable Product Owner / Business Analyst with 4+ years of experience in the software industry, specialized in aligning business strategies with technical deliverables and delivering high-quality business value.

SKILLS
Tableau, PowerBI, SQL, Agile methodologies, JIRA, Gap Analysis, Excel, FRD

EXPERIENCE
Business Analyst | Apex Global (2020 - Present)
- Created detailed Business Requirement Documents (BRDs) and Functional Specification Documents.
- Translating high-level business requirements into clear backlog items and user stories.
- Facilitating scrum ceremonies including product backlog refinement and sprint planning.

EDUCATION
Bachelor of Science in Computer Science
State University of Technology (2012)",Business Analyst
"Robert Martin
Senior Systems Analyst | Email: robert.martin@example.com | Phone: +1-555-320-7163

SUMMARY
A strategic Senior Systems Analyst with 5+ years of experience in the software industry, specialized in facilitating Agile workshops and delivering high-quality business value.

SKILLS
SQL, PowerBI, Excel, User Stories, Scrum, Agile methodologies, FRD

EXPERIENCE
Business Analyst | CloudDynamics (2022 - Present)
- Successfully gathered requirements and delivered a complex ERP platform, increasing project success rate by 20%.
- Facilitating scrum ceremonies including product backlog refinement and sprint planning.
- Communicating project updates, risks, and scope changes clearly to stakeholders.

EDUCATION
MS in Software Engineering
Institute of Science & Tech (2019)",Business Analyst
"Ashley Rodriguez
Business Analyst | Email: ashley.rodriguez@example.com | Phone: +1-555-320-9394

SUMMARY
A detail-oriented Business Analyst with 4+ years of experience in the software industry, specialized in aligning business strategies with technical deliverables and delivering high-quality business value.

SKILLS
Tableau, Gap Analysis, User Stories, BRD, FRD, SQL, Agile methodologies

EXPERIENCE
Product Owner / Business Analyst | DataSystems Inc. (2021 - Present)
- Successfully gathered requirements and delivered a complex ERP platform, increasing project success rate by 20%.
- Translating high-level business requirements into clear backlog items and user stories.
- Communicating project updates, risks, and scope changes clearly to stakeholders.

EDUCATION
Bachelor of Engineering
State University of Technology (2014)",Business Analyst
"Thomas Wilson
Business Analyst | Email: thomas.wilson@example.com | Phone: +1-555-435-2965

SUMMARY
A strategic Business Analyst with 5+ years of experience in the software industry, specialized in aligning business strategies with technical deliverables and delivering high-quality business value.

SKILLS
UML, FRD, Confluence, PowerBI, User Stories, Excel

EXPERIENCE
Product Owner / Business Analyst | InnovateSoft (2021 - Present)
- Successfully gathered requirements and delivered a complex ERP platform, increasing project success rate by 20%.
- Facilitating scrum ceremonies including product backlog refinement and sprint planning.
- Translating high-level business requirements into clear backlog items and user stories.

EDUCATION
MS in Software Engineering
Tech University (2017)",Business Analyst
"Nicole Thomas
Product Owner / Business Analyst | Email: nicole.thomas@example.com | Phone: +1-555-687-7626

SUMMARY
A strategic Product Owner / Business Analyst with 4+ years of experience in the software industry, specialized in facilitating Agile workshops and delivering high-quality business value.

SKILLS
Agile methodologies, Excel, JIRA, User Stories, BRD, PowerBI, Gap Analysis

EXPERIENCE
Business Analyst | SecureNet Solutions (2018 - Present)
- Led UAT sessions with key business stakeholders to ensure software alignment with client needs.
- Communicating project updates, risks, and scope changes clearly to stakeholders.
- Facilitating scrum ceremonies including product backlog refinement and sprint planning.

EDUCATION
Bachelor of Science in Information Systems
Tech University (2018)",Business Analyst
"Charles Martinez
Business Analyst | Email: charles.martinez@example.com | Phone: +1-555-326-6456

SUMMARY
A results-driven Business Analyst with 5+ years of experience in the software industry, specialized in requirements engineering and delivering high-quality business value.

SKILLS
Excel, PowerBI, Tableau, JIRA, Confluence, Scrum, BRD

EXPERIENCE
Business Analyst | WebFlow Digital (2019 - Present)
- Created detailed Business Requirement Documents (BRDs) and Functional Specification Documents.
- Communicating project updates, risks, and scope changes clearly to stakeholders.
- Translating high-level business requirements into clear backlog items and user stories.

EDUCATION
MS in Information Technology
National Science University (2019)",Business Analyst
"Amanda Thompson
Product Owner / Business Analyst | Email: amanda.thompson@example.com | Phone: +1-555-878-8354

SUMMARY
A detail-oriented Product Owner / Business Analyst with 5+ years of experience in the software industry, specialized in facilitating Agile workshops and delivering high-quality business value.

SKILLS
Scrum, BRD, PowerBI, SQL, User Stories, Agile methodologies, JIRA

EXPERIENCE
Senior Systems Analyst | ByteWise Technologies (2018 - Present)
- Led UAT sessions with key business stakeholders to ensure software alignment with client needs.
- Facilitating scrum ceremonies including product backlog refinement and sprint planning.
- Translating high-level business requirements into clear backlog items and user stories.

EDUCATION
Bachelor of Science in Computer Science
Metropolitan University (2016)",Business Analyst
"Robert Williams
Senior Systems Analyst | Email: robert.williams@example.com | Phone: +1-555-729-9307

SUMMARY
A strategic Senior Systems Analyst with 6+ years of experience in the software industry, specialized in requirements engineering and delivering high-quality business value.

SKILLS
Tableau, Confluence, Excel, User Stories, BRD, JIRA, Agile methodologies, PowerBI

EXPERIENCE
Product Owner / Business Analyst | InnovateSoft (2020 - Present)
- Successfully gathered requirements and delivered a complex ERP platform, increasing project success rate by 20%.
- Communicating project updates, risks, and scope changes clearly to stakeholders.
- Translating high-level business requirements into clear backlog items and user stories.

EDUCATION
Bachelor of Science in Computer Science
State University of Technology (2019)",Business Analyst
"Amanda Martin
Senior Systems Analyst | Email: amanda.martin@example.com | Phone: +1-555-635-3600

SUMMARY
A detail-oriented Senior Systems Analyst with 6+ years of experience in the software industry, specialized in facilitating Agile workshops and delivering high-quality business value.

SKILLS
Gap Analysis, Excel, Tableau, User Stories, Agile methodologies, PowerBI, FRD

EXPERIENCE
Product Owner / Business Analyst | Apex Global (2018 - Present)
- Led UAT sessions with key business stakeholders to ensure software alignment with client needs.
- Facilitating scrum ceremonies including product backlog refinement and sprint planning.
- Communicating project updates, risks, and scope changes clearly to stakeholders.

EDUCATION
Bachelor of Science in Information Systems
State University of Technology (2017)",Business Analyst
"Robert Thompson
Senior Systems Analyst | Email: robert.thompson@example.com | Phone: +1-555-779-3317

SUMMARY
A detail-oriented Senior Systems Analyst with 5+ years of experience in the software industry, specialized in aligning business strategies with technical deliverables and delivering high-quality business value.

SKILLS
PowerBI, Scrum, SQL, FRD, UML, Excel, User Stories, Gap Analysis

EXPERIENCE
Product Owner / Business Analyst | ByteWise Technologies (2018 - Present)
- Led UAT sessions with key business stakeholders to ensure software alignment with client needs.
- Communicating project updates, risks, and scope changes clearly to stakeholders.
- Facilitating scrum ceremonies including product backlog refinement and sprint planning.

EDUCATION
Bachelor of Science in Computer Science
Metropolitan University (2016)",Business Analyst
"David Davis
Business Analyst | Email: david.davis@example.com | Phone: +1-555-449-8967

SUMMARY
A adaptable Business Analyst with 5+ years of experience in the software industry, specialized in process optimization and delivering high-quality business value.

SKILLS
SQL, Scrum, FRD, Tableau, User Stories, Agile methodologies

EXPERIENCE
Business Analyst | Apex Global (2022 - Present)
- Led UAT sessions with key business stakeholders to ensure software alignment with client needs.
- Translating high-level business requirements into clear backlog items and user stories.
- Communicating project updates, risks, and scope changes clearly to stakeholders.

EDUCATION
MS in Information Technology
National Science University (2014)",Business Analyst
"Amanda Johnson
Product Owner / Business Analyst | Email: amanda.johnson@example.com | Phone: +1-555-520-6968

SUMMARY
A adaptable Product Owner / Business Analyst with 3+ years of experience in the software industry, specialized in aligning business strategies with technical deliverables and delivering high-quality business value.

SKILLS
Gap Analysis, BRD, Confluence, FRD, Tableau, SQL, UML, User Stories

EXPERIENCE
Product Owner / Business Analyst | DataSystems Inc. (2020 - Present)
- Led UAT sessions with key business stakeholders to ensure software alignment with client needs.
- Facilitating scrum ceremonies including product backlog refinement and sprint planning.
- Communicating project updates, risks, and scope changes clearly to stakeholders.

EDUCATION
MS in Software Engineering
Western Engineering College (2020)",Business Analyst
"Ashley Miller
Product Owner / Business Analyst | Email: ashley.miller@example.com | Phone: +1-555-936-4271

SUMMARY
A adaptable Product Owner / Business Analyst with 4+ years of experience in the software industry, specialized in facilitating Agile workshops and delivering high-quality business value.

SKILLS
BRD, Excel, FRD, Scrum, Tableau, User Stories, JIRA, Agile methodologies

EXPERIENCE
Senior Systems Analyst | CloudDynamics (2020 - Present)
- Created detailed Business Requirement Documents (BRDs) and Functional Specification Documents.
- Facilitating scrum ceremonies including product backlog refinement and sprint planning.
- Translating high-level business requirements into clear backlog items and user stories.

EDUCATION
MS in Information Technology
Institute of Science & Tech (2017)",Business Analyst
"James Thomas
Product Owner / Business Analyst | Email: james.thomas@example.com | Phone: +1-555-154-7495

SUMMARY
A detail-oriented Product Owner / Business Analyst with 6+ years of experience in the software industry, specialized in process optimization and delivering high-quality business value.

SKILLS
Excel, Confluence, Agile methodologies, Gap Analysis, Scrum, User Stories

EXPERIENCE
Business Analyst | CloudDynamics (2019 - Present)
- Conducted process mapping and gap analysis, improving internal operational efficiency by 15%.
- Facilitating scrum ceremonies including product backlog refinement and sprint planning.
- Translating high-level business requirements into clear backlog items and user stories.

EDUCATION
MS in Software Engineering
Institute of Science & Tech (2012)",Business Analyst
"Robert Smith
Business Analyst | Email: robert.smith@example.com | Phone: +1-555-362-4533

SUMMARY
A strategic Business Analyst with 3+ years of experience in the software industry, specialized in requirements engineering and delivering high-quality business value.

SKILLS
SQL, Scrum, Agile methodologies, Confluence, UML, BRD

EXPERIENCE
Senior Systems Analyst | InnovateSoft (2018 - Present)
- Successfully gathered requirements and delivered a complex ERP platform, increasing project success rate by 20%.
- Communicating project updates, risks, and scope changes clearly to stakeholders.
- Translating high-level business requirements into clear backlog items and user stories.

EDUCATION
MS in Information Technology
Metropolitan University (2018)",Business Analyst
"James White
Product Owner / Business Analyst | Email: james.white@example.com | Phone: +1-555-461-4941

SUMMARY
A strategic Product Owner / Business Analyst with 4+ years of experience in the software industry, specialized in process optimization and delivering high-quality business value.

SKILLS
Excel, Scrum, FRD, Tableau, User Stories, Agile methodologies, Confluence, UML

EXPERIENCE
Senior Systems Analyst | TechCorp Solutions (2021 - Present)
- Conducted process mapping and gap analysis, improving internal operational efficiency by 15%.
- Communicating project updates, risks, and scope changes clearly to stakeholders.
- Translating high-level business requirements into clear backlog items and user stories.

EDUCATION
Bachelor of Engineering
Tech University (2017)",Business Analyst
"Joseph Brown
Business Analyst | Email: joseph.brown@example.com | Phone: +1-555-890-6447

SUMMARY
A results-driven Business Analyst with 3+ years of experience in the software industry, specialized in facilitating Agile workshops and delivering high-quality business value.

SKILLS
JIRA, Tableau, BRD, PowerBI, Gap Analysis, FRD, Agile methodologies, Excel

EXPERIENCE
Senior Systems Analyst | Alpha Consulting (2018 - Present)
- Created detailed Business Requirement Documents (BRDs) and Functional Specification Documents.
- Translating high-level business requirements into clear backlog items and user stories.
- Communicating project updates, risks, and scope changes clearly to stakeholders.

EDUCATION
Bachelor of Science in Computer Science
Metropolitan University (2016)",Business Analyst
"Melissa Taylor
Senior Systems Analyst | Email: melissa.taylor@example.com | Phone: +1-555-934-9897

SUMMARY
A detail-oriented Senior Systems Analyst with 5+ years of experience in the software industry, specialized in requirements engineering and delivering high-quality business value.

SKILLS
Excel, Agile methodologies, Tableau, Gap Analysis, SQL, Scrum, UML

EXPERIENCE
Senior Systems Analyst | Apex Global (2021 - Present)
- Led UAT sessions with key business stakeholders to ensure software alignment with client needs.
- Facilitating scrum ceremonies including product backlog refinement and sprint planning.
- Communicating project updates, risks, and scope changes clearly to stakeholders.

EDUCATION
MS in Information Technology
Institute of Science & Tech (2019)",Business Analyst
"Emily Martin
Product Owner / Business Analyst | Email: emily.martin@example.com | Phone: +1-555-373-2353

SUMMARY
A strategic Product Owner / Business Analyst with 6+ years of experience in the software industry, specialized in requirements engineering and delivering high-quality business value.

SKILLS
JIRA, FRD, SQL, Excel, Scrum, PowerBI, Gap Analysis, User Stories

EXPERIENCE
Senior Systems Analyst | WebFlow Digital (2020 - Present)
- Led UAT sessions with key business stakeholders to ensure software alignment with client needs.
- Translating high-level business requirements into clear backlog items and user stories.
- Facilitating scrum ceremonies including product backlog refinement and sprint planning.

EDUCATION
Bachelor of Engineering
Institute of Science & Tech (2012)",Business Analyst
"Emily White
Product Owner / Business Analyst | Email: emily.white@example.com | Phone: +1-555-545-5498

SUMMARY
A results-driven Product Owner / Business Analyst with 6+ years of experience in the software industry, specialized in requirements engineering and delivering high-quality business value.

SKILLS
FRD, PowerBI, Tableau, JIRA, Agile methodologies, User Stories, UML

EXPERIENCE
Business Analyst | NexGen Enterprises (2021 - Present)
- Created detailed Business Requirement Documents (BRDs) and Functional Specification Documents.
- Translating high-level business requirements into clear backlog items and user stories.
- Communicating project updates, risks, and scope changes clearly to stakeholders.

EDUCATION
Bachelor of Engineering
Metropolitan University (2018)",Business Analyst
"Nicole Johnson
Product Owner / Business Analyst | Email: nicole.johnson@example.com | Phone: +1-555-719-3513

SUMMARY
A strategic Product Owner / Business Analyst with 3+ years of experience in the software industry, specialized in facilitating Agile workshops and delivering high-quality business value.

SKILLS
Gap Analysis, Scrum, User Stories, JIRA, FRD, Excel, Confluence

EXPERIENCE
Business Analyst | Apex Global (2020 - Present)
- Successfully gathered requirements and delivered a complex ERP platform, increasing project success rate by 20%.
- Translating high-level business requirements into clear backlog items and user stories.
- Communicating project updates, risks, and scope changes clearly to stakeholders.

EDUCATION
MS in Software Engineering
Western Engineering College (2018)",Business Analyst
"Stephanie Brown
Product Owner / Business Analyst | Email: stephanie.brown@example.com | Phone: +1-555-368-5264

SUMMARY
A strategic Product Owner / Business Analyst with 3+ years of experience in the software industry, specialized in process optimization and delivering high-quality business value.

SKILLS
BRD, Confluence, Scrum, JIRA, Tableau, Gap Analysis, FRD, Excel

EXPERIENCE
Product Owner / Business Analyst | Alpha Consulting (2018 - Present)
- Conducted process mapping and gap analysis, improving internal operational efficiency by 15%.
- Communicating project updates, risks, and scope changes clearly to stakeholders.
- Facilitating scrum ceremonies including product backlog refinement and sprint planning.

EDUCATION
Bachelor of Science in Computer Science
Western Engineering College (2020)",Business Analyst
"Charles Wilson
Product Owner / Business Analyst | Email: charles.wilson@example.com | Phone: +1-555-971-3580

SUMMARY
A adaptable Product Owner / Business Analyst with 5+ years of experience in the software industry, specialized in facilitating Agile workshops and delivering high-quality business value.

SKILLS
Confluence, JIRA, Gap Analysis, BRD, Agile methodologies, Excel

EXPERIENCE
Senior Systems Analyst | ByteWise Technologies (2022 - Present)
- Led UAT sessions with key business stakeholders to ensure software alignment with client needs.
- Communicating project updates, risks, and scope changes clearly to stakeholders.
- Translating high-level business requirements into clear backlog items and user stories.

EDUCATION
Bachelor of Science in Information Systems
Tech University (2013)",Business Analyst
"Charles Taylor
Product Owner / Business Analyst | Email: charles.taylor@example.com | Phone: +1-555-834-8842

SUMMARY
A strategic Product Owner / Business Analyst with 4+ years of experience in the software industry, specialized in aligning business strategies with technical deliverables and delivering high-quality business value.

SKILLS
Excel, Tableau, Scrum, BRD, User Stories, Gap Analysis

EXPERIENCE
Product Owner / Business Analyst | CloudDynamics (2022 - Present)
- Created detailed Business Requirement Documents (BRDs) and Functional Specification Documents.
- Translating high-level business requirements into clear backlog items and user stories.
- Facilitating scrum ceremonies including product backlog refinement and sprint planning.

EDUCATION
Bachelor of Science in Information Systems
Tech University (2013)",Business Analyst
"Melissa Jones
Business Analyst | Email: melissa.jones@example.com | Phone: +1-555-411-3697

SUMMARY
A detail-oriented Business Analyst with 3+ years of experience in the software industry, specialized in process optimization and delivering high-quality business value.

SKILLS
SQL, Scrum, Gap Analysis, Confluence, FRD, Tableau, PowerBI, Excel

EXPERIENCE
Product Owner / Business Analyst | WebFlow Digital (2022 - Present)
- Successfully gathered requirements and delivered a complex ERP platform, increasing project success rate by 20%.
- Communicating project updates, risks, and scope changes clearly to stakeholders.
- Translating high-level business requirements into clear backlog items and user stories.

EDUCATION
Bachelor of Science in Information Systems
Western Engineering College (2014)",Business Analyst
"David White
Infrastructure Architect | Email: david.white@example.com | Phone: +1-555-837-6531

SUMMARY
A certified Infrastructure Architect with 5+ years of experience in the software industry, specialized in designing resilient cloud environments and delivering high-quality business value.

SKILLS
RDS, Lambda, S3, CloudFormation, Terraform, IAM

EXPERIENCE
Senior Cloud Architect | NexGen Enterprises (2018 - Present)
- Implemented infrastructure as code using Terraform to automate cloud environment setups.
- Monitoring and optimizing cloud performance metrics using native cloud monitoring tools.
- Collaborating with cybersecurity teams to enforce IAM roles and zero-trust policies.

EDUCATION
MS in Software Engineering
State University of Technology (2018)",Cloud Architect
"Charles Hernandez
Cloud Solutions Architect | Email: charles.hernandez@example.com | Phone: +1-555-174-1981

SUMMARY
A highly analytical Cloud Solutions Architect with 7+ years of experience in the software industry, specialized in reducing cloud infrastructure spending and delivering high-quality business value.

SKILLS
Terraform, Kubernetes, S3, GCP, Lambda, Serverless, EC2

EXPERIENCE
Senior Cloud Architect | SecureNet Solutions (2019 - Present)
- Designed and deployed secure, scalable cloud architecture on AWS for a high-traffic e-commerce portal.
- Collaborating with cybersecurity teams to enforce IAM roles and zero-trust policies.
- Evaluating architectural options and making recommendations regarding cloud service providers.

EDUCATION
MS in Software Engineering
Tech University (2016)",Cloud Architect
"Amanda Garcia
Cloud Solutions Architect | Email: amanda.garcia@example.com | Phone: +1-555-244-2586

SUMMARY
A forward-thinking Cloud Solutions Architect with 7+ years of experience in the software industry, specialized in reducing cloud infrastructure spending and delivering high-quality business value.

SKILLS
Docker, GCP, Kubernetes, S3, Serverless, Terraform

EXPERIENCE
Infrastructure Architect | CloudDynamics (2021 - Present)
- Designed disaster recovery plans ensuring 99.99% availability of mission-critical databases.
- Collaborating with cybersecurity teams to enforce IAM roles and zero-trust policies.
- Monitoring and optimizing cloud performance metrics using native cloud monitoring tools.

EDUCATION
MS in Software Engineering
Tech University (2013)",Cloud Architect
"Jessica Martin
Cloud Solutions Architect | Email: jessica.martin@example.com | Phone: +1-555-568-4944

SUMMARY
A forward-thinking Cloud Solutions Architect with 5+ years of experience in the software industry, specialized in designing resilient cloud environments and delivering high-quality business value.

SKILLS
VPC, S3, RDS, Serverless, Docker, CloudFormation, AWS

EXPERIENCE
Cloud Solutions Architect | InnovateSoft (2021 - Present)
- Implemented infrastructure as code using Terraform to automate cloud environment setups.
- Monitoring and optimizing cloud performance metrics using native cloud monitoring tools.
- Collaborating with cybersecurity teams to enforce IAM roles and zero-trust policies.

EDUCATION
MS in Software Engineering
Metropolitan University (2012)",Cloud Architect
"Jessica Johnson
Senior Cloud Architect | Email: jessica.johnson@example.com | Phone: +1-555-683-4189

SUMMARY
A forward-thinking Senior Cloud Architect with 7+ years of experience in the software industry, specialized in designing resilient cloud environments and delivering high-quality business value.

SKILLS
VPC, Lambda, EC2, CloudFormation, S3, Azure, GCP, AWS

EXPERIENCE
Senior Cloud Architect | SecureNet Solutions (2020 - Present)
- Implemented infrastructure as code using Terraform to automate cloud environment setups.
- Evaluating architectural options and making recommendations regarding cloud service providers.
- Monitoring and optimizing cloud performance metrics using native cloud monitoring tools.

EDUCATION
Bachelor of Science in Information Systems
Western Engineering College (2018)",Cloud Architect
"Melissa Johnson
Cloud Solutions Architect | Email: melissa.johnson@example.com | Phone: +1-555-146-1637

SUMMARY
A forward-thinking Cloud Solutions Architect with 7+ years of experience in the software industry, specialized in reducing cloud infrastructure spending and delivering high-quality business value.

SKILLS
S3, EC2, GCP, Kubernetes, Docker, RDS

EXPERIENCE
Infrastructure Architect | CloudDynamics (2021 - Present)
- Implemented infrastructure as code using Terraform to automate cloud environment setups.
- Monitoring and optimizing cloud performance metrics using native cloud monitoring tools.
- Collaborating with cybersecurity teams to enforce IAM roles and zero-trust policies.

EDUCATION
Bachelor of Science in Information Systems
Western Engineering College (2020)",Cloud Architect
"Jennifer Thompson
Cloud Solutions Architect | Email: jennifer.thompson@example.com | Phone: +1-555-406-8780

SUMMARY
A forward-thinking Cloud Solutions Architect with 5+ years of experience in the software industry, specialized in implementing hybrid cloud deployments and delivering high-quality business value.

SKILLS
S3, CloudFormation, Serverless, RDS, AWS, VPC, Lambda

EXPERIENCE
Cloud Solutions Architect | NexGen Enterprises (2022 - Present)
- Designed and deployed secure, scalable cloud architecture on AWS for a high-traffic e-commerce portal.
- Monitoring and optimizing cloud performance metrics using native cloud monitoring tools.
- Collaborating with cybersecurity teams to enforce IAM roles and zero-trust policies.

EDUCATION
MS in Information Technology
Western Engineering College (2018)",Cloud Architect
"William Garcia
Cloud Solutions Architect | Email: william.garcia@example.com | Phone: +1-555-132-2800

SUMMARY
A certified Cloud Solutions Architect with 6+ years of experience in the software industry, specialized in reducing cloud infrastructure spending and delivering high-quality business value.

SKILLS
GCP, IAM, Serverless, Terraform, Lambda, EC2, VPC

EXPERIENCE
Infrastructure Architect | TechCorp Solutions (2019 - Present)
- Orchestrated cloud migration from on-premise servers to Azure, saving 25% in annual infrastructure costs.
- Monitoring and optimizing cloud performance metrics using native cloud monitoring tools.
- Collaborating with cybersecurity teams to enforce IAM roles and zero-trust policies.

EDUCATION
MS in Software Engineering
Western Engineering College (2018)",Cloud Architect
"Sarah Miller
Senior Cloud Architect | Email: sarah.miller@example.com | Phone: +1-555-570-9734

SUMMARY
A forward-thinking Senior Cloud Architect with 7+ years of experience in the software industry, specialized in implementing hybrid cloud deployments and delivering high-quality business value.

SKILLS
Terraform, CloudFormation, EC2, Lambda, Docker, RDS

EXPERIENCE
Infrastructure Architect | WebFlow Digital (2019 - Present)
- Designed disaster recovery plans ensuring 99.99% availability of mission-critical databases.
- Collaborating with cybersecurity teams to enforce IAM roles and zero-trust policies.
- Monitoring and optimizing cloud performance metrics using native cloud monitoring tools.

EDUCATION
Bachelor of Engineering
Western Engineering College (2016)",Cloud Architect
"Charles Brown
Senior Cloud Architect | Email: charles.brown@example.com | Phone: +1-555-687-9899

SUMMARY
A highly analytical Senior Cloud Architect with 8+ years of experience in the software industry, specialized in implementing hybrid cloud deployments and delivering high-quality business value.

SKILLS
AWS, CloudFormation, Serverless, Azure, Kubernetes, VPC, Lambda

EXPERIENCE
Cloud Solutions Architect | Alpha Consulting (2019 - Present)
- Implemented infrastructure as code using Terraform to automate cloud environment setups.
- Monitoring and optimizing cloud performance metrics using native cloud monitoring tools.
- Collaborating with cybersecurity teams to enforce IAM roles and zero-trust policies.

EDUCATION
MS in Information Technology
Tech University (2015)",Cloud Architect
"Joseph Johnson
Cloud Solutions Architect | Email: joseph.johnson@example.com | Phone: +1-555-785-9700

SUMMARY
A innovative Cloud Solutions Architect with 5+ years of experience in the software industry, specialized in designing resilient cloud environments and delivering high-quality business value.

SKILLS
Kubernetes, Serverless, VPC, Azure, GCP, AWS, S3

EXPERIENCE
Senior Cloud Architect | SecureNet Solutions (2021 - Present)
- Orchestrated cloud migration from on-premise servers to Azure, saving 25% in annual infrastructure costs.
- Collaborating with cybersecurity teams to enforce IAM roles and zero-trust policies.
- Monitoring and optimizing cloud performance metrics using native cloud monitoring tools.

EDUCATION
Bachelor of Engineering
National Science University (2012)",Cloud Architect
"Robert Thompson
Infrastructure Architect | Email: robert.thompson@example.com | Phone: +1-555-337-9767

SUMMARY
A certified Infrastructure Architect with 7+ years of experience in the software industry, specialized in orchestrating enterprise migrations and delivering high-quality business value.

SKILLS
AWS, IAM, VPC, GCP, CloudFormation, Docker

EXPERIENCE
Infrastructure Architect | TechCorp Solutions (2020 - Present)
- Designed and deployed secure, scalable cloud architecture on AWS for a high-traffic e-commerce portal.
- Collaborating with cybersecurity teams to enforce IAM roles and zero-trust policies.
- Monitoring and optimizing cloud performance metrics using native cloud monitoring tools.

EDUCATION
MS in Software Engineering
National Science University (2020)",Cloud Architect
"Melissa Moore
Senior Cloud Architect | Email: melissa.moore@example.com | Phone: +1-555-237-9261

SUMMARY
A forward-thinking Senior Cloud Architect with 5+ years of experience in the software industry, specialized in orchestrating enterprise migrations and delivering high-quality business value.

SKILLS
GCP, Serverless, VPC, RDS, CloudFormation, Docker, AWS

EXPERIENCE
Infrastructure Architect | Apex Global (2020 - Present)
- Orchestrated cloud migration from on-premise servers to Azure, saving 25% in annual infrastructure costs.
- Evaluating architectural options and making recommendations regarding cloud service providers.
- Collaborating with cybersecurity teams to enforce IAM roles and zero-trust policies.

EDUCATION
MS in Software Engineering
Western Engineering College (2017)",Cloud Architect
"Robert Taylor
Cloud Solutions Architect | Email: robert.taylor@example.com | Phone: +1-555-785-2562

SUMMARY
A innovative Cloud Solutions Architect with 6+ years of experience in the software industry, specialized in reducing cloud infrastructure spending and delivering high-quality business value.

SKILLS
AWS, CloudFormation, IAM, Terraform, VPC, Lambda

EXPERIENCE
Infrastructure Architect | Apex Global (2020 - Present)
- Designed and deployed secure, scalable cloud architecture on AWS for a high-traffic e-commerce portal.
- Collaborating with cybersecurity teams to enforce IAM roles and zero-trust policies.
- Monitoring and optimizing cloud performance metrics using native cloud monitoring tools.

EDUCATION
MS in Information Technology
Tech University (2013)",Cloud Architect
"Amanda Wilson
Infrastructure Architect | Email: amanda.wilson@example.com | Phone: +1-555-263-7642

SUMMARY
A forward-thinking Infrastructure Architect with 6+ years of experience in the software industry, specialized in designing resilient cloud environments and delivering high-quality business value.

SKILLS
S3, Terraform, Lambda, GCP, VPC, RDS, Docker

EXPERIENCE
Senior Cloud Architect | NexGen Enterprises (2020 - Present)
- Designed disaster recovery plans ensuring 99.99% availability of mission-critical databases.
- Monitoring and optimizing cloud performance metrics using native cloud monitoring tools.
- Evaluating architectural options and making recommendations regarding cloud service providers.

EDUCATION
MS in Information Technology
National Science University (2013)",Cloud Architect
"Melissa Hernandez
Cloud Solutions Architect | Email: melissa.hernandez@example.com | Phone: +1-555-640-6927

SUMMARY
A certified Cloud Solutions Architect with 8+ years of experience in the software industry, specialized in designing resilient cloud environments and delivering high-quality business value.

SKILLS
EC2, GCP, Lambda, Kubernetes, Docker, VPC, Azure, RDS

EXPERIENCE
Senior Cloud Architect | DataSystems Inc. (2022 - Present)
- Designed and deployed secure, scalable cloud architecture on AWS for a high-traffic e-commerce portal.
- Monitoring and optimizing cloud performance metrics using native cloud monitoring tools.
- Collaborating with cybersecurity teams to enforce IAM roles and zero-trust policies.

EDUCATION
Bachelor of Science in Computer Science
Institute of Science & Tech (2014)",Cloud Architect
"Melissa Thomas
Infrastructure Architect | Email: melissa.thomas@example.com | Phone: +1-555-567-1945

SUMMARY
A highly analytical Infrastructure Architect with 5+ years of experience in the software industry, specialized in implementing hybrid cloud deployments and delivering high-quality business value.

SKILLS
CloudFormation, AWS, Serverless, Terraform, S3, Azure, Lambda

EXPERIENCE
Infrastructure Architect | SecureNet Solutions (2020 - Present)
- Designed and deployed secure, scalable cloud architecture on AWS for a high-traffic e-commerce portal.
- Monitoring and optimizing cloud performance metrics using native cloud monitoring tools.
- Evaluating architectural options and making recommendations regarding cloud service providers.

EDUCATION
Bachelor of Science in Computer Science
Institute of Science & Tech (2012)",Cloud Architect
"Charles Thomas
Infrastructure Architect | Email: charles.thomas@example.com | Phone: +1-555-284-3218

SUMMARY
A highly analytical Infrastructure Architect with 7+ years of experience in the software industry, specialized in implementing hybrid cloud deployments and delivering high-quality business value.

SKILLS
Docker, IAM, Lambda, Azure, EC2, GCP, Kubernetes

EXPERIENCE
Infrastructure Architect | InnovateSoft (2019 - Present)
- Designed disaster recovery plans ensuring 99.99% availability of mission-critical databases.
- Monitoring and optimizing cloud performance metrics using native cloud monitoring tools.
- Evaluating architectural options and making recommendations regarding cloud service providers.

EDUCATION
MS in Information Technology
Tech University (2012)",Cloud Architect
"Charles Hernandez
Senior Cloud Architect | Email: charles.hernandez@example.com | Phone: +1-555-789-9920

SUMMARY
A highly analytical Senior Cloud Architect with 8+ years of experience in the software industry, specialized in orchestrating enterprise migrations and delivering high-quality business value.

SKILLS
Kubernetes, GCP, CloudFormation, Terraform, Azure, AWS, IAM

EXPERIENCE
Cloud Solutions Architect | NexGen Enterprises (2018 - Present)
- Orchestrated cloud migration from on-premise servers to Azure, saving 25% in annual infrastructure costs.
- Evaluating architectural options and making recommendations regarding cloud service providers.
- Monitoring and optimizing cloud performance metrics using native cloud monitoring tools.

EDUCATION
Bachelor of Science in Information Systems
Tech University (2019)",Cloud Architect
"Heather Johnson
Senior Cloud Architect | Email: heather.johnson@example.com | Phone: +1-555-350-1724

SUMMARY
A highly analytical Senior Cloud Architect with 8+ years of experience in the software industry, specialized in orchestrating enterprise migrations and delivering high-quality business value.

SKILLS
GCP, EC2, CloudFormation, Terraform, S3, Kubernetes

EXPERIENCE
Infrastructure Architect | NexGen Enterprises (2022 - Present)
- Implemented infrastructure as code using Terraform to automate cloud environment setups.
- Evaluating architectural options and making recommendations regarding cloud service providers.
- Collaborating with cybersecurity teams to enforce IAM roles and zero-trust policies.

EDUCATION
MS in Information Technology
National Science University (2020)",Cloud Architect
"Joseph Thomas
Cloud Solutions Architect | Email: joseph.thomas@example.com | Phone: +1-555-407-5508

SUMMARY
A innovative Cloud Solutions Architect with 7+ years of experience in the software industry, specialized in reducing cloud infrastructure spending and delivering high-quality business value.

SKILLS
Kubernetes, RDS, Lambda, IAM, EC2, Docker

EXPERIENCE
Cloud Solutions Architect | SecureNet Solutions (2021 - Present)
- Implemented infrastructure as code using Terraform to automate cloud environment setups.
- Collaborating with cybersecurity teams to enforce IAM roles and zero-trust policies.
- Evaluating architectural options and making recommendations regarding cloud service providers.

EDUCATION
Bachelor of Science in Information Systems
Institute of Science & Tech (2015)",Cloud Architect
"Joseph Wilson
Senior Cloud Architect | Email: joseph.wilson@example.com | Phone: +1-555-978-3365

SUMMARY
A certified Senior Cloud Architect with 7+ years of experience in the software industry, specialized in reducing cloud infrastructure spending and delivering high-quality business value.

SKILLS
EC2, GCP, IAM, Terraform, CloudFormation, RDS, Kubernetes, VPC

EXPERIENCE
Senior Cloud Architect | InnovateSoft (2021 - Present)
- Designed and deployed secure, scalable cloud architecture on AWS for a high-traffic e-commerce portal.
- Monitoring and optimizing cloud performance metrics using native cloud monitoring tools.
- Evaluating architectural options and making recommendations regarding cloud service providers.

EDUCATION
Bachelor of Science in Computer Science
Metropolitan University (2018)",Cloud Architect
"Heather White
Cloud Solutions Architect | Email: heather.white@example.com | Phone: +1-555-140-2192

SUMMARY
A innovative Cloud Solutions Architect with 8+ years of experience in the software industry, specialized in reducing cloud infrastructure spending and delivering high-quality business value.

SKILLS
CloudFormation, AWS, Terraform, Serverless, Azure, VPC, RDS

EXPERIENCE
Senior Cloud Architect | NexGen Enterprises (2019 - Present)
- Orchestrated cloud migration from on-premise servers to Azure, saving 25% in annual infrastructure costs.
- Monitoring and optimizing cloud performance metrics using native cloud monitoring tools.
- Collaborating with cybersecurity teams to enforce IAM roles and zero-trust policies.

EDUCATION
Bachelor of Engineering
Institute of Science & Tech (2019)",Cloud Architect
"Stephanie Anderson
Senior Cloud Architect | Email: stephanie.anderson@example.com | Phone: +1-555-415-5285

SUMMARY
A highly analytical Senior Cloud Architect with 5+ years of experience in the software industry, specialized in reducing cloud infrastructure spending and delivering high-quality business value.

SKILLS
VPC, Lambda, Kubernetes, Terraform, Serverless, S3, IAM, AWS

EXPERIENCE
Infrastructure Architect | NexGen Enterprises (2019 - Present)
- Orchestrated cloud migration from on-premise servers to Azure, saving 25% in annual infrastructure costs.
- Evaluating architectural options and making recommendations regarding cloud service providers.
- Collaborating with cybersecurity teams to enforce IAM roles and zero-trust policies.

EDUCATION
Bachelor of Science in Information Systems
Western Engineering College (2018)",Cloud Architect
"Charles Jones
Cloud Solutions Architect | Email: charles.jones@example.com | Phone: +1-555-300-6404

SUMMARY
A highly analytical Cloud Solutions Architect with 7+ years of experience in the software industry, specialized in orchestrating enterprise migrations and delivering high-quality business value.

SKILLS
RDS, Docker, Kubernetes, CloudFormation, VPC, S3, EC2, Azure

EXPERIENCE
Cloud Solutions Architect | Apex Global (2019 - Present)
- Designed disaster recovery plans ensuring 99.99% availability of mission-critical databases.
- Evaluating architectural options and making recommendations regarding cloud service providers.
- Monitoring and optimizing cloud performance metrics using native cloud monitoring tools.

EDUCATION
Bachelor of Science in Information Systems
Tech University (2013)",Cloud Architect
"John Smith
Infrastructure Architect | Email: john.smith@example.com | Phone: +1-555-522-3252

SUMMARY
A innovative Infrastructure Architect with 8+ years of experience in the software industry, specialized in designing resilient cloud environments and delivering high-quality business value.

SKILLS
Terraform, EC2, VPC, Kubernetes, AWS, Serverless

EXPERIENCE
Cloud Solutions Architect | Alpha Consulting (2018 - Present)
- Designed disaster recovery plans ensuring 99.99% availability of mission-critical databases.
- Evaluating architectural options and making recommendations regarding cloud service providers.
- Monitoring and optimizing cloud performance metrics using native cloud monitoring tools.

EDUCATION
Bachelor of Science in Information Systems
National Science University (2016)",Cloud Architect
"Stephanie Wilson
Infrastructure Architect | Email: stephanie.wilson@example.com | Phone: +1-555-117-9228

SUMMARY
A highly analytical Infrastructure Architect with 5+ years of experience in the software industry, specialized in orchestrating enterprise migrations and delivering high-quality business value.

SKILLS
EC2, GCP, Terraform, Serverless, S3, Docker

EXPERIENCE
Senior Cloud Architect | WebFlow Digital (2020 - Present)
- Designed disaster recovery plans ensuring 99.99% availability of mission-critical databases.
- Evaluating architectural options and making recommendations regarding cloud service providers.
- Collaborating with cybersecurity teams to enforce IAM roles and zero-trust policies.

EDUCATION
MS in Software Engineering
Institute of Science & Tech (2015)",Cloud Architect
"Joseph Wilson
Infrastructure Architect | Email: joseph.wilson@example.com | Phone: +1-555-800-2320

SUMMARY
A certified Infrastructure Architect with 7+ years of experience in the software industry, specialized in designing resilient cloud environments and delivering high-quality business value.

SKILLS
IAM, EC2, VPC, AWS, RDS, GCP, Azure

EXPERIENCE
Infrastructure Architect | Alpha Consulting (2021 - Present)
- Implemented infrastructure as code using Terraform to automate cloud environment setups.
- Monitoring and optimizing cloud performance metrics using native cloud monitoring tools.
- Evaluating architectural options and making recommendations regarding cloud service providers.

EDUCATION
Bachelor of Science in Information Systems
Tech University (2015)",Cloud Architect
"Richard Thompson
Cloud Solutions Architect | Email: richard.thompson@example.com | Phone: +1-555-586-5441

SUMMARY
A certified Cloud Solutions Architect with 5+ years of experience in the software industry, specialized in implementing hybrid cloud deployments and delivering high-quality business value.

SKILLS
Docker, Kubernetes, AWS, Terraform, S3, GCP

EXPERIENCE
Senior Cloud Architect | SecureNet Solutions (2018 - Present)
- Orchestrated cloud migration from on-premise servers to Azure, saving 25% in annual infrastructure costs.
- Monitoring and optimizing cloud performance metrics using native cloud monitoring tools.
- Evaluating architectural options and making recommendations regarding cloud service providers.

EDUCATION
Bachelor of Science in Information Systems
Institute of Science & Tech (2020)",Cloud Architect
"Sarah Taylor
Infrastructure Architect | Email: sarah.taylor@example.com | Phone: +1-555-873-3292

SUMMARY
A certified Infrastructure Architect with 5+ years of experience in the software industry, specialized in implementing hybrid cloud deployments and delivering high-quality business value.

SKILLS
IAM, Terraform, Azure, Kubernetes, S3, Docker

EXPERIENCE
Infrastructure Architect | Apex Global (2018 - Present)
- Implemented infrastructure as code using Terraform to automate cloud environment setups.
- Collaborating with cybersecurity teams to enforce IAM roles and zero-trust policies.
- Monitoring and optimizing cloud performance metrics using native cloud monitoring tools.

EDUCATION
MS in Information Technology
Metropolitan University (2020)",Cloud Architect
"Jessica Thomas
Cloud Solutions Architect | Email: jessica.thomas@example.com | Phone: +1-555-290-7227

SUMMARY
A forward-thinking Cloud Solutions Architect with 5+ years of experience in the software industry, specialized in orchestrating enterprise migrations and delivering high-quality business value.

SKILLS
CloudFormation, GCP, IAM, RDS, Lambda, Serverless

EXPERIENCE
Cloud Solutions Architect | Apex Global (2020 - Present)
- Designed and deployed secure, scalable cloud architecture on AWS for a high-traffic e-commerce portal.
- Evaluating architectural options and making recommendations regarding cloud service providers.
- Collaborating with cybersecurity teams to enforce IAM roles and zero-trust policies.

EDUCATION
MS in Software Engineering
Metropolitan University (2016)",Cloud Architect
"Michael Jones
Senior Cloud Architect | Email: michael.jones@example.com | Phone: +1-555-189-4070

SUMMARY
A highly analytical Senior Cloud Architect with 5+ years of experience in the software industry, specialized in reducing cloud infrastructure spending and delivering high-quality business value.

SKILLS
Azure, Kubernetes, EC2, Docker, S3, Lambda

EXPERIENCE
Senior Cloud Architect | SecureNet Solutions (2018 - Present)
- Designed disaster recovery plans ensuring 99.99% availability of mission-critical databases.
- Collaborating with cybersecurity teams to enforce IAM roles and zero-trust policies.
- Evaluating architectural options and making recommendations regarding cloud service providers.

EDUCATION
Bachelor of Science in Information Systems
State University of Technology (2020)",Cloud Architect
"David Taylor
Senior Cloud Architect | Email: david.taylor@example.com | Phone: +1-555-273-3274

SUMMARY
A forward-thinking Senior Cloud Architect with 7+ years of experience in the software industry, specialized in implementing hybrid cloud deployments and delivering high-quality business value.

SKILLS
Azure, GCP, IAM, CloudFormation, Serverless, RDS

EXPERIENCE
Senior Cloud Architect | Alpha Consulting (2018 - Present)
- Implemented infrastructure as code using Terraform to automate cloud environment setups.
- Evaluating architectural options and making recommendations regarding cloud service providers.
- Collaborating with cybersecurity teams to enforce IAM roles and zero-trust policies.

EDUCATION
Bachelor of Science in Information Systems
Western Engineering College (2015)",Cloud Architect
"Amanda Brown
Cloud Solutions Architect | Email: amanda.brown@example.com | Phone: +1-555-238-5991

SUMMARY
A highly analytical Cloud Solutions Architect with 7+ years of experience in the software industry, specialized in implementing hybrid cloud deployments and delivering high-quality business value.

SKILLS
VPC, Kubernetes, IAM, RDS, S3, GCP, CloudFormation

EXPERIENCE
Infrastructure Architect | Apex Global (2022 - Present)
- Orchestrated cloud migration from on-premise servers to Azure, saving 25% in annual infrastructure costs.
- Collaborating with cybersecurity teams to enforce IAM roles and zero-trust policies.
- Monitoring and optimizing cloud performance metrics using native cloud monitoring tools.

EDUCATION
MS in Information Technology
Institute of Science & Tech (2017)",Cloud Architect
"Charles Moore
Senior Cloud Architect | Email: charles.moore@example.com | Phone: +1-555-689-4971

SUMMARY
A highly analytical Senior Cloud Architect with 7+ years of experience in the software industry, specialized in implementing hybrid cloud deployments and delivering high-quality business value.

SKILLS
Azure, S3, Terraform, Lambda, EC2, GCP, AWS

EXPERIENCE
Senior Cloud Architect | Alpha Consulting (2019 - Present)
- Implemented infrastructure as code using Terraform to automate cloud environment setups.
- Monitoring and optimizing cloud performance metrics using native cloud monitoring tools.
- Evaluating architectural options and making recommendations regarding cloud service providers.

EDUCATION
MS in Software Engineering
National Science University (2019)",Cloud Architect
"William Wilson
Infrastructure Architect | Email: william.wilson@example.com | Phone: +1-555-347-5139

SUMMARY
A innovative Infrastructure Architect with 7+ years of experience in the software industry, specialized in reducing cloud infrastructure spending and delivering high-quality business value.

SKILLS
VPC, S3, Docker, Lambda, IAM, EC2

EXPERIENCE
Infrastructure Architect | ByteWise Technologies (2021 - Present)
- Designed and deployed secure, scalable cloud architecture on AWS for a high-traffic e-commerce portal.
- Collaborating with cybersecurity teams to enforce IAM roles and zero-trust policies.
- Evaluating architectural options and making recommendations regarding cloud service providers.

EDUCATION
Bachelor of Science in Computer Science
State University of Technology (2017)",Cloud Architect
"David White
Senior Cloud Architect | Email: david.white@example.com | Phone: +1-555-145-7547

SUMMARY
A highly analytical Senior Cloud Architect with 5+ years of experience in the software industry, specialized in designing resilient cloud environments and delivering high-quality business value.

SKILLS
CloudFormation, Terraform, EC2, Serverless, RDS, Lambda

EXPERIENCE
Senior Cloud Architect | Alpha Consulting (2020 - Present)
- Designed disaster recovery plans ensuring 99.99% availability of mission-critical databases.
- Monitoring and optimizing cloud performance metrics using native cloud monitoring tools.
- Evaluating architectural options and making recommendations regarding cloud service providers.

EDUCATION
Bachelor of Engineering
Tech University (2019)",Cloud Architect
"Michael Wilson
Cloud Solutions Architect | Email: michael.wilson@example.com | Phone: +1-555-525-2406

SUMMARY
A innovative Cloud Solutions Architect with 6+ years of experience in the software industry, specialized in implementing hybrid cloud deployments and delivering high-quality business value.

SKILLS
VPC, Lambda, Terraform, EC2, Docker, Kubernetes, S3

EXPERIENCE
Infrastructure Architect | InnovateSoft (2021 - Present)
- Designed disaster recovery plans ensuring 99.99% availability of mission-critical databases.
- Collaborating with cybersecurity teams to enforce IAM roles and zero-trust policies.
- Evaluating architectural options and making recommendations regarding cloud service providers.

EDUCATION
Bachelor of Engineering
Tech University (2013)",Cloud Architect
"James Martinez
Infrastructure Architect | Email: james.martinez@example.com | Phone: +1-555-763-2791

SUMMARY
A innovative Infrastructure Architect with 8+ years of experience in the software industry, specialized in orchestrating enterprise migrations and delivering high-quality business value.

SKILLS
GCP, Kubernetes, EC2, IAM, VPC, Terraform, RDS, Lambda

EXPERIENCE
Infrastructure Architect | CloudDynamics (2019 - Present)
- Designed disaster recovery plans ensuring 99.99% availability of mission-critical databases.
- Collaborating with cybersecurity teams to enforce IAM roles and zero-trust policies.
- Evaluating architectural options and making recommendations regarding cloud service providers.

EDUCATION
Bachelor of Science in Information Systems
State University of Technology (2019)",Cloud Architect
"Nicole Thomas
Infrastructure Architect | Email: nicole.thomas@example.com | Phone: +1-555-498-1072

SUMMARY
A innovative Infrastructure Architect with 6+ years of experience in the software industry, specialized in orchestrating enterprise migrations and delivering high-quality business value.

SKILLS
Lambda, Docker, Azure, S3, Serverless, EC2, GCP, VPC

EXPERIENCE
Senior Cloud Architect | Apex Global (2019 - Present)
- Designed and deployed secure, scalable cloud architecture on AWS for a high-traffic e-commerce portal.
- Collaborating with cybersecurity teams to enforce IAM roles and zero-trust policies.
- Monitoring and optimizing cloud performance metrics using native cloud monitoring tools.

EDUCATION
Bachelor of Science in Information Systems
National Science University (2017)",Cloud Architect
"Heather Taylor
Data & Insights Analyst | Email: heather.taylor@example.com | Phone: +1-555-725-7431

SUMMARY
A statistically minded Data & Insights Analyst with 3+ years of experience in the software industry, specialized in conducting statistical testing and delivering high-quality business value.

SKILLS
Statistics, PowerBI, Pandas, Tableau, Reporting, Data Visualization, SQL

EXPERIENCE
Data Analyst | DataSystems Inc. (2020 - Present)
- Conducted comprehensive A/B testing on user registration funnel, improving conversion rates by 8%.
- Cleaning and transforming messy data from various marketing and transaction systems.
- Creating daily, weekly, and monthly reports detailing sales performance and user metrics.

EDUCATION
Bachelor of Science in Information Systems
Institute of Science & Tech (2018)",Data Analyst
"Heather Jones
Senior Business Intelligence Analyst | Email: heather.jones@example.com | Phone: +1-555-688-7286

SUMMARY
A insight-driven Senior Business Intelligence Analyst with 4+ years of experience in the software industry, specialized in interpreting customer metrics and delivering high-quality business value.

SKILLS
PowerBI, Data Visualization, Pandas, SAS, A/B Testing, Reporting, Python, Statistics

EXPERIENCE
Data Analyst | TechCorp Solutions (2020 - Present)
- Identified operational bottlenecks via data auditing, saving the sales division $50k annually.
- Creating daily, weekly, and monthly reports detailing sales performance and user metrics.
- Translating numbers and graphs into actionable business insights for executive teams.

EDUCATION
MS in Software Engineering
Western Engineering College (2020)",Data Analyst
"Jennifer Thomas
Senior Business Intelligence Analyst | Email: jennifer.thomas@example.com | Phone: +1-555-801-9056

SUMMARY
A highly inquisitive Senior Business Intelligence Analyst with 4+ years of experience in the software industry, specialized in interpreting customer metrics and delivering high-quality business value.

SKILLS
Statistics, SQL, Python, Pandas, Reporting, PowerBI

EXPERIENCE
Senior Business Intelligence Analyst | DataSystems Inc. (2022 - Present)
- Conducted comprehensive A/B testing on user registration funnel, improving conversion rates by 8%.
- Cleaning and transforming messy data from various marketing and transaction systems.
- Translating numbers and graphs into actionable business insights for executive teams.

EDUCATION
Bachelor of Science in Information Systems
Western Engineering College (2013)",Data Analyst
"Nicole Brown
Senior Business Intelligence Analyst | Email: nicole.brown@example.com | Phone: +1-555-374-9898

SUMMARY
A statistically minded Senior Business Intelligence Analyst with 4+ years of experience in the software industry, specialized in interpreting customer metrics and delivering high-quality business value.

SKILLS
Tableau, Reporting, Python, Pandas, SQL, Statistics, PowerBI

EXPERIENCE
Senior Business Intelligence Analyst | Apex Global (2018 - Present)
- Developed Tableau and PowerBI dashboards that tracking critical company KPIs, driving strategic decision making.
- Creating daily, weekly, and monthly reports detailing sales performance and user metrics.
- Translating numbers and graphs into actionable business insights for executive teams.

EDUCATION
Bachelor of Science in Information Systems
National Science University (2017)",Data Analyst
"Heather Thomas
Data Analyst | Email: heather.thomas@example.com | Phone: +1-555-269-3281

SUMMARY
A insight-driven Data Analyst with 3+ years of experience in the software industry, specialized in building interactive business intelligence dashboards and delivering high-quality business value.

SKILLS
Pandas, Statistics, A/B Testing, PowerBI, NumPy, Data Visualization, Reporting, Excel

EXPERIENCE
Data & Insights Analyst | NexGen Enterprises (2020 - Present)
- Developed Tableau and PowerBI dashboards that tracking critical company KPIs, driving strategic decision making.
- Creating daily, weekly, and monthly reports detailing sales performance and user metrics.
- Cleaning and transforming messy data from various marketing and transaction systems.

EDUCATION
Bachelor of Science in Computer Science
Metropolitan University (2014)",Data Analyst
"William Garcia
Data Analyst | Email: william.garcia@example.com | Phone: +1-555-249-6277

SUMMARY
A highly inquisitive Data Analyst with 4+ years of experience in the software industry, specialized in interpreting customer metrics and delivering high-quality business value.

SKILLS
Reporting, Pandas, Excel, Statistics, Data Visualization, SQL, NumPy, A/B Testing

EXPERIENCE
Data & Insights Analyst | SecureNet Solutions (2022 - Present)
- Wrote optimized SQL queries to query massive datasets, reducing report generation time by 50%.
- Translating numbers and graphs into actionable business insights for executive teams.
- Cleaning and transforming messy data from various marketing and transaction systems.

EDUCATION
MS in Software Engineering
Institute of Science & Tech (2017)",Data Analyst
"Nicole Smith
Data & Insights Analyst | Email: nicole.smith@example.com | Phone: +1-555-989-2526

SUMMARY
A highly inquisitive Data & Insights Analyst with 2+ years of experience in the software industry, specialized in conducting statistical testing and delivering high-quality business value.

SKILLS
Excel, Python, SAS, Reporting, Data Visualization, PowerBI, Statistics, NumPy

EXPERIENCE
Data & Insights Analyst | Apex Global (2022 - Present)
- Conducted comprehensive A/B testing on user registration funnel, improving conversion rates by 8%.
- Translating numbers and graphs into actionable business insights for executive teams.
- Cleaning and transforming messy data from various marketing and transaction systems.

EDUCATION
Bachelor of Engineering
National Science University (2012)",Data Analyst
"John Brown
Data Analyst | Email: john.brown@example.com | Phone: +1-555-741-8529

SUMMARY
A statistically minded Data Analyst with 5+ years of experience in the software industry, specialized in performing descriptive and diagnostic analytics and delivering high-quality business value.

SKILLS
SQL, Excel, Python, PowerBI, Pandas, Tableau, A/B Testing

EXPERIENCE
Senior Business Intelligence Analyst | InnovateSoft (2020 - Present)
- Developed Tableau and PowerBI dashboards that tracking critical company KPIs, driving strategic decision making.
- Cleaning and transforming messy data from various marketing and transaction systems.
- Creating daily, weekly, and monthly reports detailing sales performance and user metrics.

EDUCATION
Bachelor of Science in Computer Science
Institute of Science & Tech (2016)",Data Analyst
"Joseph Thomas
Data & Insights Analyst | Email: joseph.thomas@example.com | Phone: +1-555-771-2494

SUMMARY
A statistically minded Data & Insights Analyst with 4+ years of experience in the software industry, specialized in building interactive business intelligence dashboards and delivering high-quality business value.

SKILLS
Tableau, PowerBI, Statistics, Python, Data Visualization, SQL, Excel

EXPERIENCE
Senior Business Intelligence Analyst | Apex Global (2018 - Present)
- Conducted comprehensive A/B testing on user registration funnel, improving conversion rates by 8%.
- Cleaning and transforming messy data from various marketing and transaction systems.
- Creating daily, weekly, and monthly reports detailing sales performance and user metrics.

EDUCATION
MS in Information Technology
Institute of Science & Tech (2013)",Data Analyst
"Michael Brown
Senior Business Intelligence Analyst | Email: michael.brown@example.com | Phone: +1-555-420-7022

SUMMARY
A insight-driven Senior Business Intelligence Analyst with 4+ years of experience in the software industry, specialized in interpreting customer metrics and delivering high-quality business value.

SKILLS
Reporting, PowerBI, Tableau, A/B Testing, SQL, Pandas, NumPy, Statistics

EXPERIENCE
Data & Insights Analyst | Alpha Consulting (2020 - Present)
- Conducted comprehensive A/B testing on user registration funnel, improving conversion rates by 8%.
- Translating numbers and graphs into actionable business insights for executive teams.
- Creating daily, weekly, and monthly reports detailing sales performance and user metrics.

EDUCATION
MS in Software Engineering
Western Engineering College (2019)",Data Analyst
"Richard Williams
Data Analyst | Email: richard.williams@example.com | Phone: +1-555-202-3293

SUMMARY
A highly inquisitive Data Analyst with 5+ years of experience in the software industry, specialized in conducting statistical testing and delivering high-quality business value.

SKILLS
PowerBI, Python, Pandas, Tableau, Reporting, Statistics, Excel

EXPERIENCE
Senior Business Intelligence Analyst | NexGen Enterprises (2022 - Present)
- Developed Tableau and PowerBI dashboards that tracking critical company KPIs, driving strategic decision making.
- Translating numbers and graphs into actionable business insights for executive teams.
- Cleaning and transforming messy data from various marketing and transaction systems.

EDUCATION
MS in Information Technology
Western Engineering College (2020)",Data Analyst
"Richard Taylor
Data Analyst | Email: richard.taylor@example.com | Phone: +1-555-402-1894

SUMMARY
A highly inquisitive Data Analyst with 2+ years of experience in the software industry, specialized in interpreting customer metrics and delivering high-quality business value.

SKILLS
Data Visualization, Reporting, Statistics, Tableau, SQL, PowerBI

EXPERIENCE
Senior Business Intelligence Analyst | Apex Global (2019 - Present)
- Identified operational bottlenecks via data auditing, saving the sales division $50k annually.
- Cleaning and transforming messy data from various marketing and transaction systems.
- Creating daily, weekly, and monthly reports detailing sales performance and user metrics.

EDUCATION
MS in Software Engineering
Tech University (2012)",Data Analyst
"Nicole Williams
Data Analyst | Email: nicole.williams@example.com | Phone: +1-555-114-5295

SUMMARY
A statistically minded Data Analyst with 5+ years of experience in the software industry, specialized in building interactive business intelligence dashboards and delivering high-quality business value.

SKILLS
Pandas, Reporting, A/B Testing, Excel, Statistics, NumPy, Python, SQL

EXPERIENCE
Data & Insights Analyst | ByteWise Technologies (2022 - Present)
- Conducted comprehensive A/B testing on user registration funnel, improving conversion rates by 8%.
- Cleaning and transforming messy data from various marketing and transaction systems.
- Creating daily, weekly, and monthly reports detailing sales performance and user metrics.

EDUCATION
Bachelor of Engineering
Tech University (2020)",Data Analyst
"Richard Jones
Senior Business Intelligence Analyst | Email: richard.jones@example.com | Phone: +1-555-649-6353

SUMMARY
A statistically minded Senior Business Intelligence Analyst with 5+ years of experience in the software industry, specialized in conducting statistical testing and delivering high-quality business value.

SKILLS
Python, SQL, SAS, Tableau, Excel, Reporting, Statistics, Pandas

EXPERIENCE
Senior Business Intelligence Analyst | NexGen Enterprises (2018 - Present)
- Conducted comprehensive A/B testing on user registration funnel, improving conversion rates by 8%.
- Creating daily, weekly, and monthly reports detailing sales performance and user metrics.
- Translating numbers and graphs into actionable business insights for executive teams.

EDUCATION
MS in Information Technology
National Science University (2012)",Data Analyst
"David Moore
Data & Insights Analyst | Email: david.moore@example.com | Phone: +1-555-455-9568

SUMMARY
A analytical Data & Insights Analyst with 3+ years of experience in the software industry, specialized in performing descriptive and diagnostic analytics and delivering high-quality business value.

SKILLS
SAS, Pandas, Tableau, SQL, NumPy, Excel

EXPERIENCE
Data & Insights Analyst | SecureNet Solutions (2020 - Present)
- Developed Tableau and PowerBI dashboards that tracking critical company KPIs, driving strategic decision making.
- Cleaning and transforming messy data from various marketing and transaction systems.
- Creating daily, weekly, and monthly reports detailing sales performance and user metrics.

EDUCATION
MS in Software Engineering
Institute of Science & Tech (2020)",Data Analyst
"Emily Johnson
Senior Business Intelligence Analyst | Email: emily.johnson@example.com | Phone: +1-555-611-3734

SUMMARY
A insight-driven Senior Business Intelligence Analyst with 2+ years of experience in the software industry, specialized in conducting statistical testing and delivering high-quality business value.

SKILLS
Reporting, Tableau, Python, A/B Testing, SQL, Data Visualization, Excel, SAS

EXPERIENCE
Senior Business Intelligence Analyst | TechCorp Solutions (2021 - Present)
- Identified operational bottlenecks via data auditing, saving the sales division $50k annually.
- Creating daily, weekly, and monthly reports detailing sales performance and user metrics.
- Translating numbers and graphs into actionable business insights for executive teams.

EDUCATION
Bachelor of Science in Computer Science
Western Engineering College (2018)",Data Analyst
"Joseph Martinez
Data & Insights Analyst | Email: joseph.martinez@example.com | Phone: +1-555-354-7819

SUMMARY
A analytical Data & Insights Analyst with 2+ years of experience in the software industry, specialized in conducting statistical testing and delivering high-quality business value.

SKILLS
NumPy, Tableau, A/B Testing, SQL, PowerBI, Reporting, Pandas, Statistics

EXPERIENCE
Senior Business Intelligence Analyst | SecureNet Solutions (2018 - Present)
- Wrote optimized SQL queries to query massive datasets, reducing report generation time by 50%.
- Cleaning and transforming messy data from various marketing and transaction systems.
- Translating numbers and graphs into actionable business insights for executive teams.

EDUCATION
Bachelor of Science in Computer Science
Western Engineering College (2019)",Data Analyst
"James Anderson
Data & Insights Analyst | Email: james.anderson@example.com | Phone: +1-555-305-5777

SUMMARY
A analytical Data & Insights Analyst with 5+ years of experience in the software industry, specialized in performing descriptive and diagnostic analytics and delivering high-quality business value.

SKILLS
Statistics, Data Visualization, Python, A/B Testing, SAS, Tableau, SQL

EXPERIENCE
Data Analyst | SecureNet Solutions (2018 - Present)
- Wrote optimized SQL queries to query massive datasets, reducing report generation time by 50%.
- Translating numbers and graphs into actionable business insights for executive teams.
- Creating daily, weekly, and monthly reports detailing sales performance and user metrics.

EDUCATION
Bachelor of Engineering
Tech University (2018)",Data Analyst
"Charles Brown
Data Analyst | Email: charles.brown@example.com | Phone: +1-555-310-9680

SUMMARY
A highly inquisitive Data Analyst with 2+ years of experience in the software industry, specialized in interpreting customer metrics and delivering high-quality business value.

SKILLS
SAS, Pandas, Tableau, SQL, Python, Excel

EXPERIENCE
Data & Insights Analyst | ByteWise Technologies (2021 - Present)
- Wrote optimized SQL queries to query massive datasets, reducing report generation time by 50%.
- Cleaning and transforming messy data from various marketing and transaction systems.
- Creating daily, weekly, and monthly reports detailing sales performance and user metrics.

EDUCATION
Bachelor of Science in Information Systems
Tech University (2020)",Data Analyst
"William Taylor
Senior Business Intelligence Analyst | Email: william.taylor@example.com | Phone: +1-555-176-2020

SUMMARY
A insight-driven Senior Business Intelligence Analyst with 3+ years of experience in the software industry, specialized in performing descriptive and diagnostic analytics and delivering high-quality business value.

SKILLS
NumPy, Excel, SAS, Statistics, Data Visualization, PowerBI, Tableau

EXPERIENCE
Data Analyst | InnovateSoft (2019 - Present)
- Developed Tableau and PowerBI dashboards that tracking critical company KPIs, driving strategic decision making.
- Creating daily, weekly, and monthly reports detailing sales performance and user metrics.
- Translating numbers and graphs into actionable business insights for executive teams.

EDUCATION
MS in Information Technology
Institute of Science & Tech (2019)",Data Analyst
"Sarah Thomas
Senior Business Intelligence Analyst | Email: sarah.thomas@example.com | Phone: +1-555-223-9780

SUMMARY
A insight-driven Senior Business Intelligence Analyst with 3+ years of experience in the software industry, specialized in interpreting customer metrics and delivering high-quality business value.

SKILLS
Pandas, Tableau, Reporting, PowerBI, SAS, Excel, NumPy

EXPERIENCE
Data Analyst | NexGen Enterprises (2018 - Present)
- Wrote optimized SQL queries to query massive datasets, reducing report generation time by 50%.
- Creating daily, weekly, and monthly reports detailing sales performance and user metrics.
- Translating numbers and graphs into actionable business insights for executive teams.

EDUCATION
MS in Information Technology
Metropolitan University (2018)",Data Analyst
"Melissa Johnson
Senior Business Intelligence Analyst | Email: melissa.johnson@example.com | Phone: +1-555-793-5896

SUMMARY
A insight-driven Senior Business Intelligence Analyst with 5+ years of experience in the software industry, specialized in building interactive business intelligence dashboards and delivering high-quality business value.

SKILLS
A/B Testing, SAS, Python, Tableau, Data Visualization, SQL, Reporting

EXPERIENCE
Data Analyst | InnovateSoft (2018 - Present)
- Conducted comprehensive A/B testing on user registration funnel, improving conversion rates by 8%.
- Creating daily, weekly, and monthly reports detailing sales performance and user metrics.
- Translating numbers and graphs into actionable business insights for executive teams.

EDUCATION
MS in Software Engineering
Metropolitan University (2013)",Data Analyst
"Nicole Thompson
Data Analyst | Email: nicole.thompson@example.com | Phone: +1-555-365-2228

SUMMARY
A statistically minded Data Analyst with 5+ years of experience in the software industry, specialized in performing descriptive and diagnostic analytics and delivering high-quality business value.

SKILLS
Tableau, NumPy, SAS, SQL, Data Visualization, A/B Testing

EXPERIENCE
Senior Business Intelligence Analyst | CloudDynamics (2022 - Present)
- Identified operational bottlenecks via data auditing, saving the sales division $50k annually.
- Cleaning and transforming messy data from various marketing and transaction systems.
- Creating daily, weekly, and monthly reports detailing sales performance and user metrics.

EDUCATION
MS in Software Engineering
National Science University (2018)",Data Analyst
"David Anderson
Senior Business Intelligence Analyst | Email: david.anderson@example.com | Phone: +1-555-319-4066

SUMMARY
A analytical Senior Business Intelligence Analyst with 4+ years of experience in the software industry, specialized in interpreting customer metrics and delivering high-quality business value.

SKILLS
Statistics, SAS, Reporting, Python, Pandas, A/B Testing

EXPERIENCE
Senior Business Intelligence Analyst | SecureNet Solutions (2022 - Present)
- Developed Tableau and PowerBI dashboards that tracking critical company KPIs, driving strategic decision making.
- Creating daily, weekly, and monthly reports detailing sales performance and user metrics.
- Cleaning and transforming messy data from various marketing and transaction systems.

EDUCATION
MS in Software Engineering
State University of Technology (2018)",Data Analyst
"Richard Martin
Data Analyst | Email: richard.martin@example.com | Phone: +1-555-355-9907

SUMMARY
A highly inquisitive Data Analyst with 5+ years of experience in the software industry, specialized in conducting statistical testing and delivering high-quality business value.

SKILLS
Data Visualization, NumPy, Statistics, A/B Testing, Reporting, Python, PowerBI, Tableau

EXPERIENCE
Data & Insights Analyst | TechCorp Solutions (2020 - Present)
- Conducted comprehensive A/B testing on user registration funnel, improving conversion rates by 8%.
- Creating daily, weekly, and monthly reports detailing sales performance and user metrics.
- Cleaning and transforming messy data from various marketing and transaction systems.

EDUCATION
Bachelor of Science in Computer Science
Institute of Science & Tech (2020)",Data Analyst
"Emily Thompson
Data Analyst | Email: emily.thompson@example.com | Phone: +1-555-338-3615

SUMMARY
A insight-driven Data Analyst with 3+ years of experience in the software industry, specialized in performing descriptive and diagnostic analytics and delivering high-quality business value.

SKILLS
SAS, SQL, Python, Excel, NumPy, A/B Testing, Tableau, Data Visualization

EXPERIENCE
Senior Business Intelligence Analyst | DataSystems Inc. (2022 - Present)
- Wrote optimized SQL queries to query massive datasets, reducing report generation time by 50%.
- Translating numbers and graphs into actionable business insights for executive teams.
- Creating daily, weekly, and monthly reports detailing sales performance and user metrics.

EDUCATION
Bachelor of Engineering
Western Engineering College (2014)",Data Analyst
"Nicole Davis
Data & Insights Analyst | Email: nicole.davis@example.com | Phone: +1-555-956-9064

SUMMARY
A analytical Data & Insights Analyst with 5+ years of experience in the software industry, specialized in performing descriptive and diagnostic analytics and delivering high-quality business value.

SKILLS
Tableau, SQL, Python, Statistics, Reporting, Pandas

EXPERIENCE
Senior Business Intelligence Analyst | Alpha Consulting (2018 - Present)
- Conducted comprehensive A/B testing on user registration funnel, improving conversion rates by 8%.
- Creating daily, weekly, and monthly reports detailing sales performance and user metrics.
- Cleaning and transforming messy data from various marketing and transaction systems.

EDUCATION
MS in Information Technology
Metropolitan University (2012)",Data Analyst
"James Jones
Data Analyst | Email: james.jones@example.com | Phone: +1-555-700-3320

SUMMARY
A analytical Data Analyst with 3+ years of experience in the software industry, specialized in building interactive business intelligence dashboards and delivering high-quality business value.

SKILLS
Reporting, Excel, Statistics, Tableau, NumPy, PowerBI, SAS, A/B Testing

EXPERIENCE
Data & Insights Analyst | CloudDynamics (2021 - Present)
- Identified operational bottlenecks via data auditing, saving the sales division $50k annually.
- Translating numbers and graphs into actionable business insights for executive teams.
- Cleaning and transforming messy data from various marketing and transaction systems.

EDUCATION
MS in Information Technology
National Science University (2020)",Data Analyst
"Heather Anderson
Senior Business Intelligence Analyst | Email: heather.anderson@example.com | Phone: +1-555-328-3872

SUMMARY
A analytical Senior Business Intelligence Analyst with 4+ years of experience in the software industry, specialized in conducting statistical testing and delivering high-quality business value.

SKILLS
SAS, SQL, Statistics, Excel, Reporting, Tableau

EXPERIENCE
Data & Insights Analyst | NexGen Enterprises (2020 - Present)
- Conducted comprehensive A/B testing on user registration funnel, improving conversion rates by 8%.
- Translating numbers and graphs into actionable business insights for executive teams.
- Creating daily, weekly, and monthly reports detailing sales performance and user metrics.

EDUCATION
MS in Software Engineering
State University of Technology (2017)",Data Analyst
"Robert Garcia
Data Analyst | Email: robert.garcia@example.com | Phone: +1-555-455-6234

SUMMARY
A statistically minded Data Analyst with 5+ years of experience in the software industry, specialized in conducting statistical testing and delivering high-quality business value.

SKILLS
Pandas, Python, Reporting, Tableau, NumPy, PowerBI

EXPERIENCE
Data Analyst | InnovateSoft (2018 - Present)
- Identified operational bottlenecks via data auditing, saving the sales division $50k annually.
- Cleaning and transforming messy data from various marketing and transaction systems.
- Translating numbers and graphs into actionable business insights for executive teams.

EDUCATION
MS in Information Technology
Institute of Science & Tech (2019)",Data Analyst
"Jessica Anderson
Data Analyst | Email: jessica.anderson@example.com | Phone: +1-555-659-7149

SUMMARY
A highly inquisitive Data Analyst with 4+ years of experience in the software industry, specialized in performing descriptive and diagnostic analytics and delivering high-quality business value.

SKILLS
Tableau, SQL, Pandas, Reporting, NumPy, PowerBI, A/B Testing

EXPERIENCE
Data Analyst | InnovateSoft (2020 - Present)
- Identified operational bottlenecks via data auditing, saving the sales division $50k annually.
- Creating daily, weekly, and monthly reports detailing sales performance and user metrics.
- Translating numbers and graphs into actionable business insights for executive teams.

EDUCATION
Bachelor of Science in Information Systems
Tech University (2017)",Data Analyst
"Heather White
Senior Business Intelligence Analyst | Email: heather.white@example.com | Phone: +1-555-594-1507

SUMMARY
A insight-driven Senior Business Intelligence Analyst with 4+ years of experience in the software industry, specialized in interpreting customer metrics and delivering high-quality business value.

SKILLS
Tableau, NumPy, Python, Statistics, Excel, Reporting

EXPERIENCE
Senior Business Intelligence Analyst | ByteWise Technologies (2022 - Present)
- Wrote optimized SQL queries to query massive datasets, reducing report generation time by 50%.
- Cleaning and transforming messy data from various marketing and transaction systems.
- Creating daily, weekly, and monthly reports detailing sales performance and user metrics.

EDUCATION
Bachelor of Science in Computer Science
Tech University (2018)",Data Analyst
"Nicole Jackson
Data Analyst | Email: nicole.jackson@example.com | Phone: +1-555-960-9043

SUMMARY
A statistically minded Data Analyst with 2+ years of experience in the software industry, specialized in conducting statistical testing and delivering high-quality business value.

SKILLS
Tableau, Pandas, Statistics, Data Visualization, Python, SQL, Excel

EXPERIENCE
Data & Insights Analyst | DataSystems Inc. (2019 - Present)
- Wrote optimized SQL queries to query massive datasets, reducing report generation time by 50%.
- Creating daily, weekly, and monthly reports detailing sales performance and user metrics.
- Cleaning and transforming messy data from various marketing and transaction systems.

EDUCATION
Bachelor of Science in Computer Science
Metropolitan University (2018)",Data Analyst
"Jennifer Moore
Data Analyst | Email: jennifer.moore@example.com | Phone: +1-555-776-5341

SUMMARY
A highly inquisitive Data Analyst with 3+ years of experience in the software industry, specialized in performing descriptive and diagnostic analytics and delivering high-quality business value.

SKILLS
NumPy, PowerBI, Data Visualization, SQL, Pandas, Python, Excel

EXPERIENCE
Senior Business Intelligence Analyst | WebFlow Digital (2019 - Present)
- Developed Tableau and PowerBI dashboards that tracking critical company KPIs, driving strategic decision making.
- Creating daily, weekly, and monthly reports detailing sales performance and user metrics.
- Translating numbers and graphs into actionable business insights for executive teams.

EDUCATION
Bachelor of Science in Computer Science
National Science University (2017)",Data Analyst
"Stephanie Thomas
Data & Insights Analyst | Email: stephanie.thomas@example.com | Phone: +1-555-874-4727

SUMMARY
A statistically minded Data & Insights Analyst with 5+ years of experience in the software industry, specialized in interpreting customer metrics and delivering high-quality business value.

SKILLS
Reporting, Data Visualization, Statistics, Python, SAS, PowerBI, SQL, A/B Testing

EXPERIENCE
Data & Insights Analyst | TechCorp Solutions (2022 - Present)
- Conducted comprehensive A/B testing on user registration funnel, improving conversion rates by 8%.
- Creating daily, weekly, and monthly reports detailing sales performance and user metrics.
- Cleaning and transforming messy data from various marketing and transaction systems.

EDUCATION
MS in Information Technology
State University of Technology (2015)",Data Analyst
"Richard Jones
Data Analyst | Email: richard.jones@example.com | Phone: +1-555-143-7936

SUMMARY
A highly inquisitive Data Analyst with 4+ years of experience in the software industry, specialized in performing descriptive and diagnostic analytics and delivering high-quality business value.

SKILLS
Pandas, NumPy, Tableau, Statistics, Excel, SAS, Python, Data Visualization

EXPERIENCE
Data & Insights Analyst | Apex Global (2020 - Present)
- Identified operational bottlenecks via data auditing, saving the sales division $50k annually.
- Creating daily, weekly, and monthly reports detailing sales performance and user metrics.
- Cleaning and transforming messy data from various marketing and transaction systems.

EDUCATION
Bachelor of Science in Computer Science
Institute of Science & Tech (2014)",Data Analyst
"William Thompson
Data Analyst | Email: william.thompson@example.com | Phone: +1-555-702-2641

SUMMARY
A statistically minded Data Analyst with 3+ years of experience in the software industry, specialized in conducting statistical testing and delivering high-quality business value.

SKILLS
Pandas, Excel, Data Visualization, Statistics, SQL, Tableau, PowerBI

EXPERIENCE
Data & Insights Analyst | SecureNet Solutions (2019 - Present)
- Identified operational bottlenecks via data auditing, saving the sales division $50k annually.
- Creating daily, weekly, and monthly reports detailing sales performance and user metrics.
- Cleaning and transforming messy data from various marketing and transaction systems.

EDUCATION
Bachelor of Engineering
National Science University (2015)",Data Analyst
"John Moore
Data Analyst | Email: john.moore@example.com | Phone: +1-555-375-7102

SUMMARY
A analytical Data Analyst with 3+ years of experience in the software industry, specialized in conducting statistical testing and delivering high-quality business value.

SKILLS
Data Visualization, Reporting, Tableau, Python, PowerBI, SAS, NumPy

EXPERIENCE
Senior Business Intelligence Analyst | Alpha Consulting (2020 - Present)
- Identified operational bottlenecks via data auditing, saving the sales division $50k annually.
- Translating numbers and graphs into actionable business insights for executive teams.
- Creating daily, weekly, and monthly reports detailing sales performance and user metrics.

EDUCATION
MS in Information Technology
Institute of Science & Tech (2015)",Data Analyst
"Ashley Moore
Senior Business Intelligence Analyst | Email: ashley.moore@example.com | Phone: +1-555-877-9462

SUMMARY
A statistically minded Senior Business Intelligence Analyst with 2+ years of experience in the software industry, specialized in performing descriptive and diagnostic analytics and delivering high-quality business value.

SKILLS
SAS, A/B Testing, Excel, PowerBI, SQL, Tableau, Statistics

EXPERIENCE
Data Analyst | DataSystems Inc. (2018 - Present)
- Developed Tableau and PowerBI dashboards that tracking critical company KPIs, driving strategic decision making.
- Cleaning and transforming messy data from various marketing and transaction systems.
- Creating daily, weekly, and monthly reports detailing sales performance and user metrics.

EDUCATION
Bachelor of Engineering
National Science University (2015)",Data Analyst
"Thomas Anderson
Data & Insights Analyst | Email: thomas.anderson@example.com | Phone: +1-555-943-8605

SUMMARY
A highly inquisitive Data & Insights Analyst with 2+ years of experience in the software industry, specialized in building interactive business intelligence dashboards and delivering high-quality business value.

SKILLS
NumPy, Data Visualization, Statistics, Reporting, PowerBI, Excel

EXPERIENCE
Data & Insights Analyst | Alpha Consulting (2022 - Present)
- Wrote optimized SQL queries to query massive datasets, reducing report generation time by 50%.
- Cleaning and transforming messy data from various marketing and transaction systems.
- Creating daily, weekly, and monthly reports detailing sales performance and user metrics.

EDUCATION
Bachelor of Engineering
National Science University (2013)",Data Analyst
"Charles Smith
Data Engineer | Email: charles.smith@example.com | Phone: +1-555-495-1813

SUMMARY
A process-driven Data Engineer with 5+ years of experience in the software industry, specialized in designing scalable data lakes and delivering high-quality business value.

SKILLS
Hadoop, Kafka, ETL Pipelines, BigQuery, Python, Data Warehousing, Airflow, Snowflake

EXPERIENCE
ETL Developer / Data Engineer | Alpha Consulting (2019 - Present)
- Migrated an on-premise data warehouse to Snowflake, enabling business units to query data 3x faster.
- Implementing strict data validation schemas to ensure high data quality and reliability.
- Maintaining and monitoring cloud data infrastructure and batch orchestration engines.

EDUCATION
MS in Information Technology
Metropolitan University (2016)",Data Engineer
"Thomas Thomas
Senior Big Data Engineer | Email: thomas.thomas@example.com | Phone: +1-555-485-6713

SUMMARY
A performance-focused Senior Big Data Engineer with 6+ years of experience in the software industry, specialized in designing scalable data lakes and delivering high-quality business value.

SKILLS
Scala, BigQuery, Data Warehousing, ETL Pipelines, SQL, Python, Kafka

EXPERIENCE
ETL Developer / Data Engineer | Apex Global (2022 - Present)
- Implemented a real-time event streaming pipeline using Kafka for credit card transaction logging.
- Collaborating with Data Scientists to prepare analytics-ready feature tables.
- Maintaining and monitoring cloud data infrastructure and batch orchestration engines.

EDUCATION
MS in Software Engineering
Tech University (2017)",Data Engineer
"Thomas Martinez
Senior Big Data Engineer | Email: thomas.martinez@example.com | Phone: +1-555-982-5536

SUMMARY
A performance-focused Senior Big Data Engineer with 5+ years of experience in the software industry, specialized in designing scalable data lakes and delivering high-quality business value.

SKILLS
Hadoop, Python, Data Warehousing, ETL Pipelines, Airflow, Snowflake, SQL, Scala

EXPERIENCE
Senior Big Data Engineer | Alpha Consulting (2020 - Present)
- Optimized query performance on relational databases, reducing database timeouts by 60%.
- Collaborating with Data Scientists to prepare analytics-ready feature tables.
- Implementing strict data validation schemas to ensure high data quality and reliability.

EDUCATION
Bachelor of Science in Computer Science
Western Engineering College (2015)",Data Engineer
"Sarah Garcia
ETL Developer / Data Engineer | Email: sarah.garcia@example.com | Phone: +1-555-802-9759

SUMMARY
A experienced ETL Developer / Data Engineer with 4+ years of experience in the software industry, specialized in optimizing database indexing and delivering high-quality business value.

SKILLS
Scala, BigQuery, Apache Spark, Kafka, SQL, Hadoop

EXPERIENCE
ETL Developer / Data Engineer | CloudDynamics (2020 - Present)
- Migrated an on-premise data warehouse to Snowflake, enabling business units to query data 3x faster.
- Implementing strict data validation schemas to ensure high data quality and reliability.
- Collaborating with Data Scientists to prepare analytics-ready feature tables.

EDUCATION
Bachelor of Science in Computer Science
State University of Technology (2017)",Data Engineer
"Joseph Wilson
Senior Big Data Engineer | Email: joseph.wilson@example.com | Phone: +1-555-530-6428

SUMMARY
A performance-focused Senior Big Data Engineer with 6+ years of experience in the software industry, specialized in optimizing database indexing and delivering high-quality business value.

SKILLS
Snowflake, Python, Data Warehousing, SQL, NoSQL, BigQuery

EXPERIENCE
ETL Developer / Data Engineer | ByteWise Technologies (2018 - Present)
- Optimized query performance on relational databases, reducing database timeouts by 60%.
- Implementing strict data validation schemas to ensure high data quality and reliability.
- Collaborating with Data Scientists to prepare analytics-ready feature tables.

EDUCATION
MS in Software Engineering
Tech University (2014)",Data Engineer
"William Davis
ETL Developer / Data Engineer | Email: william.davis@example.com | Phone: +1-555-450-7704

SUMMARY
A experienced ETL Developer / Data Engineer with 4+ years of experience in the software industry, specialized in designing scalable data lakes and delivering high-quality business value.

SKILLS
Apache Spark, SQL, Snowflake, Airflow, NoSQL, Data Warehousing, BigQuery, Python

EXPERIENCE
Senior Big Data Engineer | TechCorp Solutions (2021 - Present)
- Migrated an on-premise data warehouse to Snowflake, enabling business units to query data 3x faster.
- Maintaining and monitoring cloud data infrastructure and batch orchestration engines.
- Implementing strict data validation schemas to ensure high data quality and reliability.

EDUCATION
MS in Software Engineering
Tech University (2014)",Data Engineer
"Heather Thomas
Senior Big Data Engineer | Email: heather.thomas@example.com | Phone: +1-555-748-8035

SUMMARY
A experienced Senior Big Data Engineer with 6+ years of experience in the software industry, specialized in streaming real-time event analytics and delivering high-quality business value.

SKILLS
Python, BigQuery, Hadoop, Airflow, NoSQL, Apache Spark

EXPERIENCE
Data Engineer | ByteWise Technologies (2019 - Present)
- Built scalable ETL pipelines using Apache Spark and Airflow, processing over 5TB of raw daily logs.
- Implementing strict data validation schemas to ensure high data quality and reliability.
- Maintaining and monitoring cloud data infrastructure and batch orchestration engines.

EDUCATION
MS in Information Technology
National Science University (2017)",Data Engineer
"Charles Jones
ETL Developer / Data Engineer | Email: charles.jones@example.com | Phone: +1-555-205-7284

SUMMARY
A performance-focused ETL Developer / Data Engineer with 3+ years of experience in the software industry, specialized in designing scalable data lakes and delivering high-quality business value.

SKILLS
Kafka, NoSQL, Snowflake, BigQuery, Airflow, Hadoop

EXPERIENCE
Senior Big Data Engineer | CloudDynamics (2020 - Present)
- Implemented a real-time event streaming pipeline using Kafka for credit card transaction logging.
- Maintaining and monitoring cloud data infrastructure and batch orchestration engines.
- Implementing strict data validation schemas to ensure high data quality and reliability.

EDUCATION
MS in Software Engineering
Tech University (2015)",Data Engineer
"Joseph Jones
ETL Developer / Data Engineer | Email: joseph.jones@example.com | Phone: +1-555-316-1359

SUMMARY
A process-driven ETL Developer / Data Engineer with 4+ years of experience in the software industry, specialized in constructing robust ETL pipelines and delivering high-quality business value.

SKILLS
Scala, Python, ETL Pipelines, Kafka, NoSQL, BigQuery, Snowflake, Airflow

EXPERIENCE
ETL Developer / Data Engineer | TechCorp Solutions (2018 - Present)
- Built scalable ETL pipelines using Apache Spark and Airflow, processing over 5TB of raw daily logs.
- Collaborating with Data Scientists to prepare analytics-ready feature tables.
- Implementing strict data validation schemas to ensure high data quality and reliability.

EDUCATION
MS in Software Engineering
Tech University (2020)",Data Engineer
"Thomas Moore
Data Engineer | Email: thomas.moore@example.com | Phone: +1-555-818-3508

SUMMARY
A highly technical Data Engineer with 6+ years of experience in the software industry, specialized in optimizing database indexing and delivering high-quality business value.

SKILLS
SQL, Scala, BigQuery, Kafka, Apache Spark, Hadoop, Python, Data Warehousing

EXPERIENCE
Senior Big Data Engineer | NexGen Enterprises (2018 - Present)
- Built scalable ETL pipelines using Apache Spark and Airflow, processing over 5TB of raw daily logs.
- Maintaining and monitoring cloud data infrastructure and batch orchestration engines.
- Collaborating with Data Scientists to prepare analytics-ready feature tables.

EDUCATION
MS in Information Technology
Western Engineering College (2015)",Data Engineer
"Thomas Martin
ETL Developer / Data Engineer | Email: thomas.martin@example.com | Phone: +1-555-306-6864

SUMMARY
A experienced ETL Developer / Data Engineer with 5+ years of experience in the software industry, specialized in optimizing database indexing and delivering high-quality business value.

SKILLS
BigQuery, Snowflake, Hadoop, Scala, Airflow, SQL

EXPERIENCE
ETL Developer / Data Engineer | TechCorp Solutions (2018 - Present)
- Built scalable ETL pipelines using Apache Spark and Airflow, processing over 5TB of raw daily logs.
- Maintaining and monitoring cloud data infrastructure and batch orchestration engines.
- Collaborating with Data Scientists to prepare analytics-ready feature tables.

EDUCATION
MS in Information Technology
Tech University (2020)",Data Engineer
"Robert Brown
Senior Big Data Engineer | Email: robert.brown@example.com | Phone: +1-555-362-4787

SUMMARY
A performance-focused Senior Big Data Engineer with 6+ years of experience in the software industry, specialized in optimizing database indexing and delivering high-quality business value.

SKILLS
SQL, Apache Spark, Python, Kafka, Airflow, ETL Pipelines

EXPERIENCE
ETL Developer / Data Engineer | Apex Global (2021 - Present)
- Built scalable ETL pipelines using Apache Spark and Airflow, processing over 5TB of raw daily logs.
- Maintaining and monitoring cloud data infrastructure and batch orchestration engines.
- Implementing strict data validation schemas to ensure high data quality and reliability.

EDUCATION
Bachelor of Science in Computer Science
State University of Technology (2014)",Data Engineer
"Sarah Anderson
ETL Developer / Data Engineer | Email: sarah.anderson@example.com | Phone: +1-555-548-5395

SUMMARY
A highly technical ETL Developer / Data Engineer with 4+ years of experience in the software industry, specialized in optimizing database indexing and delivering high-quality business value.

SKILLS
SQL, ETL Pipelines, Scala, Snowflake, Kafka, Data Warehousing

EXPERIENCE
Senior Big Data Engineer | SecureNet Solutions (2021 - Present)
- Migrated an on-premise data warehouse to Snowflake, enabling business units to query data 3x faster.
- Maintaining and monitoring cloud data infrastructure and batch orchestration engines.
- Implementing strict data validation schemas to ensure high data quality and reliability.

EDUCATION
Bachelor of Science in Computer Science
State University of Technology (2013)",Data Engineer
"Ashley Thompson
Data Engineer | Email: ashley.thompson@example.com | Phone: +1-555-594-8178

SUMMARY
A experienced Data Engineer with 3+ years of experience in the software industry, specialized in optimizing database indexing and delivering high-quality business value.

SKILLS
NoSQL, Apache Spark, Snowflake, Data Warehousing, SQL, Hadoop, ETL Pipelines, Python

EXPERIENCE
ETL Developer / Data Engineer | InnovateSoft (2020 - Present)
- Implemented a real-time event streaming pipeline using Kafka for credit card transaction logging.
- Maintaining and monitoring cloud data infrastructure and batch orchestration engines.
- Implementing strict data validation schemas to ensure high data quality and reliability.

EDUCATION
Bachelor of Engineering
Western Engineering College (2020)",Data Engineer
"Heather Brown
Senior Big Data Engineer | Email: heather.brown@example.com | Phone: +1-555-543-5072

SUMMARY
A performance-focused Senior Big Data Engineer with 5+ years of experience in the software industry, specialized in streaming real-time event analytics and delivering high-quality business value.

SKILLS
Data Warehousing, Python, Scala, Apache Spark, Snowflake, ETL Pipelines, Hadoop, SQL

EXPERIENCE
Senior Big Data Engineer | InnovateSoft (2021 - Present)
- Migrated an on-premise data warehouse to Snowflake, enabling business units to query data 3x faster.
- Collaborating with Data Scientists to prepare analytics-ready feature tables.
- Implementing strict data validation schemas to ensure high data quality and reliability.

EDUCATION
Bachelor of Science in Computer Science
Western Engineering College (2015)",Data Engineer
"Stephanie Taylor
Data Engineer | Email: stephanie.taylor@example.com | Phone: +1-555-512-4850

SUMMARY
A experienced Data Engineer with 6+ years of experience in the software industry, specialized in streaming real-time event analytics and delivering high-quality business value.

SKILLS
Snowflake, NoSQL, Airflow, SQL, Scala, Data Warehousing

EXPERIENCE
Senior Big Data Engineer | TechCorp Solutions (2018 - Present)
- Optimized query performance on relational databases, reducing database timeouts by 60%.
- Maintaining and monitoring cloud data infrastructure and batch orchestration engines.
- Implementing strict data validation schemas to ensure high data quality and reliability.

EDUCATION
Bachelor of Science in Computer Science
Western Engineering College (2016)",Data Engineer
"Melissa Jackson
Senior Big Data Engineer | Email: melissa.jackson@example.com | Phone: +1-555-311-8474

SUMMARY
A performance-focused Senior Big Data Engineer with 5+ years of experience in the software industry, specialized in constructing robust ETL pipelines and delivering high-quality business value.

SKILLS
Airflow, BigQuery, Data Warehousing, Snowflake, NoSQL, Scala, Hadoop

EXPERIENCE
ETL Developer / Data Engineer | InnovateSoft (2018 - Present)
- Migrated an on-premise data warehouse to Snowflake, enabling business units to query data 3x faster.
- Maintaining and monitoring cloud data infrastructure and batch orchestration engines.
- Collaborating with Data Scientists to prepare analytics-ready feature tables.

EDUCATION
Bachelor of Engineering
National Science University (2016)",Data Engineer
"Stephanie Martin
Data Engineer | Email: stephanie.martin@example.com | Phone: +1-555-482-2741

SUMMARY
A process-driven Data Engineer with 5+ years of experience in the software industry, specialized in streaming real-time event analytics and delivering high-quality business value.

SKILLS
NoSQL, ETL Pipelines, SQL, Kafka, Hadoop, Data Warehousing, Python, Snowflake

EXPERIENCE
Data Engineer | DataSystems Inc. (2021 - Present)
- Implemented a real-time event streaming pipeline using Kafka for credit card transaction logging.
- Maintaining and monitoring cloud data infrastructure and batch orchestration engines.
- Collaborating with Data Scientists to prepare analytics-ready feature tables.

EDUCATION
Bachelor of Science in Computer Science
National Science University (2013)",Data Engineer
"Amanda Hernandez
Data Engineer | Email: amanda.hernandez@example.com | Phone: +1-555-774-9260

SUMMARY
A experienced Data Engineer with 3+ years of experience in the software industry, specialized in constructing robust ETL pipelines and delivering high-quality business value.

SKILLS
ETL Pipelines, Data Warehousing, Snowflake, BigQuery, Apache Spark, Airflow, Kafka, SQL

EXPERIENCE
Senior Big Data Engineer | CloudDynamics (2018 - Present)
- Implemented a real-time event streaming pipeline using Kafka for credit card transaction logging.
- Implementing strict data validation schemas to ensure high data quality and reliability.
- Collaborating with Data Scientists to prepare analytics-ready feature tables.

EDUCATION
MS in Software Engineering
Western Engineering College (2015)",Data Engineer
"Thomas Taylor
Senior Big Data Engineer | Email: thomas.taylor@example.com | Phone: +1-555-451-5819

SUMMARY
A process-driven Senior Big Data Engineer with 6+ years of experience in the software industry, specialized in designing scalable data lakes and delivering high-quality business value.

SKILLS
NoSQL, BigQuery, Kafka, Scala, Airflow, Snowflake, ETL Pipelines, Data Warehousing

EXPERIENCE
Data Engineer | DataSystems Inc. (2019 - Present)
- Implemented a real-time event streaming pipeline using Kafka for credit card transaction logging.
- Implementing strict data validation schemas to ensure high data quality and reliability.
- Collaborating with Data Scientists to prepare analytics-ready feature tables.

EDUCATION
MS in Information Technology
National Science University (2014)",Data Engineer
"Melissa Jackson
ETL Developer / Data Engineer | Email: melissa.jackson@example.com | Phone: +1-555-810-6281

SUMMARY
A highly technical ETL Developer / Data Engineer with 6+ years of experience in the software industry, specialized in optimizing database indexing and delivering high-quality business value.

SKILLS
Data Warehousing, Scala, ETL Pipelines, BigQuery, Kafka, NoSQL, Hadoop, Python

EXPERIENCE
Data Engineer | ByteWise Technologies (2018 - Present)
- Optimized query performance on relational databases, reducing database timeouts by 60%.
- Maintaining and monitoring cloud data infrastructure and batch orchestration engines.
- Implementing strict data validation schemas to ensure high data quality and reliability.

EDUCATION
Bachelor of Science in Computer Science
State University of Technology (2016)",Data Engineer
"David Wilson
Data Engineer | Email: david.wilson@example.com | Phone: +1-555-799-5105

SUMMARY
A highly technical Data Engineer with 5+ years of experience in the software industry, specialized in optimizing database indexing and delivering high-quality business value.

SKILLS
Python, Airflow, Snowflake, SQL, Hadoop, Scala, ETL Pipelines, Kafka

EXPERIENCE
ETL Developer / Data Engineer | SecureNet Solutions (2019 - Present)
- Implemented a real-time event streaming pipeline using Kafka for credit card transaction logging.
- Implementing strict data validation schemas to ensure high data quality and reliability.
- Maintaining and monitoring cloud data infrastructure and batch orchestration engines.

EDUCATION
MS in Software Engineering
Institute of Science & Tech (2018)",Data Engineer
"Sarah Jackson
ETL Developer / Data Engineer | Email: sarah.jackson@example.com | Phone: +1-555-155-1212

SUMMARY
A performance-focused ETL Developer / Data Engineer with 6+ years of experience in the software industry, specialized in designing scalable data lakes and delivering high-quality business value.

SKILLS
Scala, NoSQL, Airflow, BigQuery, Hadoop, ETL Pipelines

EXPERIENCE
Senior Big Data Engineer | DataSystems Inc. (2020 - Present)
- Migrated an on-premise data warehouse to Snowflake, enabling business units to query data 3x faster.
- Implementing strict data validation schemas to ensure high data quality and reliability.
- Maintaining and monitoring cloud data infrastructure and batch orchestration engines.

EDUCATION
MS in Information Technology
State University of Technology (2020)",Data Engineer
"Michael Taylor
Senior Big Data Engineer | Email: michael.taylor@example.com | Phone: +1-555-141-8020

SUMMARY
A performance-focused Senior Big Data Engineer with 5+ years of experience in the software industry, specialized in designing scalable data lakes and delivering high-quality business value.

SKILLS
Kafka, Python, Airflow, Snowflake, Apache Spark, Scala, SQL, BigQuery

EXPERIENCE
ETL Developer / Data Engineer | NexGen Enterprises (2018 - Present)
- Implemented a real-time event streaming pipeline using Kafka for credit card transaction logging.
- Collaborating with Data Scientists to prepare analytics-ready feature tables.
- Implementing strict data validation schemas to ensure high data quality and reliability.

EDUCATION
Bachelor of Science in Computer Science
National Science University (2017)",Data Engineer
"Melissa Garcia
Data Engineer | Email: melissa.garcia@example.com | Phone: +1-555-288-9529

SUMMARY
A process-driven Data Engineer with 6+ years of experience in the software industry, specialized in streaming real-time event analytics and delivering high-quality business value.

SKILLS
Airflow, Hadoop, Scala, NoSQL, BigQuery, Apache Spark

EXPERIENCE
ETL Developer / Data Engineer | WebFlow Digital (2019 - Present)
- Optimized query performance on relational databases, reducing database timeouts by 60%.
- Implementing strict data validation schemas to ensure high data quality and reliability.
- Maintaining and monitoring cloud data infrastructure and batch orchestration engines.

EDUCATION
Bachelor of Science in Computer Science
National Science University (2017)",Data Engineer
"Amanda Garcia
Data Engineer | Email: amanda.garcia@example.com | Phone: +1-555-757-4994

SUMMARY
A performance-focused Data Engineer with 3+ years of experience in the software industry, specialized in streaming real-time event analytics and delivering high-quality business value.

SKILLS
Kafka, BigQuery, NoSQL, Python, Airflow, Data Warehousing, ETL Pipelines

EXPERIENCE
Data Engineer | Alpha Consulting (2021 - Present)
- Implemented a real-time event streaming pipeline using Kafka for credit card transaction logging.
- Implementing strict data validation schemas to ensure high data quality and reliability.
- Maintaining and monitoring cloud data infrastructure and batch orchestration engines.

EDUCATION
Bachelor of Engineering
Western Engineering College (2013)",Data Engineer
"Michael Miller
ETL Developer / Data Engineer | Email: michael.miller@example.com | Phone: +1-555-891-9814

SUMMARY
A highly technical ETL Developer / Data Engineer with 5+ years of experience in the software industry, specialized in constructing robust ETL pipelines and delivering high-quality business value.

SKILLS
Scala, Hadoop, ETL Pipelines, SQL, NoSQL, Kafka, Airflow, Snowflake

EXPERIENCE
Data Engineer | InnovateSoft (2019 - Present)
- Optimized query performance on relational databases, reducing database timeouts by 60%.
- Implementing strict data validation schemas to ensure high data quality and reliability.
- Collaborating with Data Scientists to prepare analytics-ready feature tables.

EDUCATION
Bachelor of Science in Computer Science
Tech University (2013)",Data Engineer
"John Miller
ETL Developer / Data Engineer | Email: john.miller@example.com | Phone: +1-555-913-5127

SUMMARY
A highly technical ETL Developer / Data Engineer with 4+ years of experience in the software industry, specialized in designing scalable data lakes and delivering high-quality business value.

SKILLS
ETL Pipelines, Snowflake, NoSQL, Data Warehousing, Airflow, Python, Hadoop

EXPERIENCE
Data Engineer | InnovateSoft (2022 - Present)
- Built scalable ETL pipelines using Apache Spark and Airflow, processing over 5TB of raw daily logs.
- Implementing strict data validation schemas to ensure high data quality and reliability.
- Maintaining and monitoring cloud data infrastructure and batch orchestration engines.

EDUCATION
Bachelor of Science in Computer Science
Metropolitan University (2020)",Data Engineer
"Michael Wilson
ETL Developer / Data Engineer | Email: michael.wilson@example.com | Phone: +1-555-905-5937

SUMMARY
A highly technical ETL Developer / Data Engineer with 6+ years of experience in the software industry, specialized in optimizing database indexing and delivering high-quality business value.

SKILLS
ETL Pipelines, Scala, Python, Snowflake, Apache Spark, Kafka, SQL

EXPERIENCE
ETL Developer / Data Engineer | CloudDynamics (2021 - Present)
- Implemented a real-time event streaming pipeline using Kafka for credit card transaction logging.
- Implementing strict data validation schemas to ensure high data quality and reliability.
- Maintaining and monitoring cloud data infrastructure and batch orchestration engines.

EDUCATION
Bachelor of Engineering
National Science University (2017)",Data Engineer
"James Jackson
Data Engineer | Email: james.jackson@example.com | Phone: +1-555-995-3316

SUMMARY
A highly technical Data Engineer with 6+ years of experience in the software industry, specialized in constructing robust ETL pipelines and delivering high-quality business value.

SKILLS
BigQuery, SQL, Kafka, Hadoop, Airflow, Scala, NoSQL, Data Warehousing

EXPERIENCE
Data Engineer | CloudDynamics (2019 - Present)
- Migrated an on-premise data warehouse to Snowflake, enabling business units to query data 3x faster.
- Implementing strict data validation schemas to ensure high data quality and reliability.
- Collaborating with Data Scientists to prepare analytics-ready feature tables.

EDUCATION
MS in Information Technology
Tech University (2014)",Data Engineer
"Nicole Johnson
Senior Big Data Engineer | Email: nicole.johnson@example.com | Phone: +1-555-971-9992

SUMMARY
A highly technical Senior Big Data Engineer with 3+ years of experience in the software industry, specialized in optimizing database indexing and delivering high-quality business value.

SKILLS
SQL, Hadoop, Data Warehousing, Snowflake, Airflow, Apache Spark, NoSQL

EXPERIENCE
Senior Big Data Engineer | DataSystems Inc. (2018 - Present)
- Built scalable ETL pipelines using Apache Spark and Airflow, processing over 5TB of raw daily logs.
- Maintaining and monitoring cloud data infrastructure and batch orchestration engines.
- Collaborating with Data Scientists to prepare analytics-ready feature tables.

EDUCATION
MS in Software Engineering
Institute of Science & Tech (2017)",Data Engineer
"Heather Wilson
ETL Developer / Data Engineer | Email: heather.wilson@example.com | Phone: +1-555-810-3496

SUMMARY
A performance-focused ETL Developer / Data Engineer with 6+ years of experience in the software industry, specialized in optimizing database indexing and delivering high-quality business value.

SKILLS
Python, Airflow, Hadoop, Data Warehousing, ETL Pipelines, Apache Spark

EXPERIENCE
ETL Developer / Data Engineer | Apex Global (2019 - Present)
- Implemented a real-time event streaming pipeline using Kafka for credit card transaction logging.
- Collaborating with Data Scientists to prepare analytics-ready feature tables.
- Implementing strict data validation schemas to ensure high data quality and reliability.

EDUCATION
MS in Software Engineering
Metropolitan University (2016)",Data Engineer
"Jennifer Jackson
ETL Developer / Data Engineer | Email: jennifer.jackson@example.com | Phone: +1-555-211-3879

SUMMARY
A highly technical ETL Developer / Data Engineer with 5+ years of experience in the software industry, specialized in optimizing database indexing and delivering high-quality business value.

SKILLS
Hadoop, Kafka, SQL, Data Warehousing, Python, ETL Pipelines, Scala, Snowflake

EXPERIENCE
Senior Big Data Engineer | NexGen Enterprises (2022 - Present)
- Migrated an on-premise data warehouse to Snowflake, enabling business units to query data 3x faster.
- Maintaining and monitoring cloud data infrastructure and batch orchestration engines.
- Collaborating with Data Scientists to prepare analytics-ready feature tables.

EDUCATION
Bachelor of Science in Information Systems
Western Engineering College (2019)",Data Engineer
"William Anderson
ETL Developer / Data Engineer | Email: william.anderson@example.com | Phone: +1-555-501-4658

SUMMARY
A performance-focused ETL Developer / Data Engineer with 6+ years of experience in the software industry, specialized in designing scalable data lakes and delivering high-quality business value.

SKILLS
BigQuery, SQL, ETL Pipelines, Airflow, Python, NoSQL, Scala, Kafka

EXPERIENCE
Data Engineer | CloudDynamics (2022 - Present)
- Optimized query performance on relational databases, reducing database timeouts by 60%.
- Maintaining and monitoring cloud data infrastructure and batch orchestration engines.
- Implementing strict data validation schemas to ensure high data quality and reliability.

EDUCATION
Bachelor of Science in Information Systems
Western Engineering College (2014)",Data Engineer
"Jennifer Anderson
Senior Big Data Engineer | Email: jennifer.anderson@example.com | Phone: +1-555-141-4585

SUMMARY
A process-driven Senior Big Data Engineer with 4+ years of experience in the software industry, specialized in constructing robust ETL pipelines and delivering high-quality business value.

SKILLS
Hadoop, Python, NoSQL, BigQuery, Airflow, Data Warehousing, ETL Pipelines

EXPERIENCE
Data Engineer | Alpha Consulting (2018 - Present)
- Implemented a real-time event streaming pipeline using Kafka for credit card transaction logging.
- Maintaining and monitoring cloud data infrastructure and batch orchestration engines.
- Collaborating with Data Scientists to prepare analytics-ready feature tables.

EDUCATION
Bachelor of Engineering
Western Engineering College (2020)",Data Engineer
"Nicole Miller
Senior Big Data Engineer | Email: nicole.miller@example.com | Phone: +1-555-485-7201

SUMMARY
A highly technical Senior Big Data Engineer with 6+ years of experience in the software industry, specialized in optimizing database indexing and delivering high-quality business value.

SKILLS
BigQuery, ETL Pipelines, Airflow, Data Warehousing, Snowflake, Scala

EXPERIENCE
Data Engineer | Alpha Consulting (2022 - Present)
- Migrated an on-premise data warehouse to Snowflake, enabling business units to query data 3x faster.
- Collaborating with Data Scientists to prepare analytics-ready feature tables.
- Maintaining and monitoring cloud data infrastructure and batch orchestration engines.

EDUCATION
MS in Information Technology
Tech University (2020)",Data Engineer
"Thomas Davis
Data Engineer | Email: thomas.davis@example.com | Phone: +1-555-253-4062

SUMMARY
A performance-focused Data Engineer with 5+ years of experience in the software industry, specialized in constructing robust ETL pipelines and delivering high-quality business value.

SKILLS
Airflow, SQL, Snowflake, Data Warehousing, BigQuery, Scala, Kafka

EXPERIENCE
Data Engineer | CloudDynamics (2021 - Present)
- Migrated an on-premise data warehouse to Snowflake, enabling business units to query data 3x faster.
- Maintaining and monitoring cloud data infrastructure and batch orchestration engines.
- Implementing strict data validation schemas to ensure high data quality and reliability.

EDUCATION
Bachelor of Science in Information Systems
Western Engineering College (2014)",Data Engineer
"William Martin
Data Engineer | Email: william.martin@example.com | Phone: +1-555-140-3406

SUMMARY
A process-driven Data Engineer with 5+ years of experience in the software industry, specialized in optimizing database indexing and delivering high-quality business value.

SKILLS
ETL Pipelines, Data Warehousing, Scala, Python, Kafka, BigQuery, SQL, Hadoop

EXPERIENCE
Senior Big Data Engineer | NexGen Enterprises (2021 - Present)
- Migrated an on-premise data warehouse to Snowflake, enabling business units to query data 3x faster.
- Maintaining and monitoring cloud data infrastructure and batch orchestration engines.
- Collaborating with Data Scientists to prepare analytics-ready feature tables.

EDUCATION
Bachelor of Science in Information Systems
State University of Technology (2014)",Data Engineer
"Heather Martin
ETL Developer / Data Engineer | Email: heather.martin@example.com | Phone: +1-555-370-3747

SUMMARY
A performance-focused ETL Developer / Data Engineer with 3+ years of experience in the software industry, specialized in streaming real-time event analytics and delivering high-quality business value.

SKILLS
ETL Pipelines, NoSQL, Apache Spark, SQL, Python, BigQuery

EXPERIENCE
ETL Developer / Data Engineer | ByteWise Technologies (2022 - Present)
- Optimized query performance on relational databases, reducing database timeouts by 60%.
- Maintaining and monitoring cloud data infrastructure and batch orchestration engines.
- Implementing strict data validation schemas to ensure high data quality and reliability.

EDUCATION
MS in Information Technology
Institute of Science & Tech (2012)",Data Engineer
"Stephanie Martin
Data Engineer | Email: stephanie.martin@example.com | Phone: +1-555-870-2925

SUMMARY
A experienced Data Engineer with 3+ years of experience in the software industry, specialized in designing scalable data lakes and delivering high-quality business value.

SKILLS
Scala, ETL Pipelines, BigQuery, NoSQL, Airflow, Data Warehousing, Python, Kafka

EXPERIENCE
Senior Big Data Engineer | SecureNet Solutions (2019 - Present)
- Optimized query performance on relational databases, reducing database timeouts by 60%.
- Collaborating with Data Scientists to prepare analytics-ready feature tables.
- Maintaining and monitoring cloud data infrastructure and batch orchestration engines.

EDUCATION
MS in Software Engineering
State University of Technology (2016)",Data Engineer
"Jennifer Garcia
Machine Learning Engineer | Email: jennifer.garcia@example.com | Phone: +1-555-979-2373

SUMMARY
A quantitative Machine Learning Engineer with 5+ years of experience in the software industry, specialized in natural language processing and delivering high-quality business value.

SKILLS
Statistics, Python, SQL, Computer Vision, R, Scikit-Learn

EXPERIENCE
Senior Data Scientist | TechCorp Solutions (2021 - Present)
- Developed an NLP text classification system for customer tickets, automating 40% of routing tasks.
- Presenting analytical findings and technical ML approaches to product and business leaders.
- Engineering features from structured and unstructured text databases to improve model accuracy.

EDUCATION
MS in Software Engineering
Metropolitan University (2013)",Data Scientist
"William Thomas
Machine Learning Engineer | Email: william.thomas@example.com | Phone: +1-555-767-5155

SUMMARY
A quantitative Machine Learning Engineer with 4+ years of experience in the software industry, specialized in natural language processing and delivering high-quality business value.

SKILLS
PyTorch, Deep Learning, Statistics, Computer Vision, NLP, R, Machine Learning, Scikit-Learn

EXPERIENCE
Machine Learning Engineer | ByteWise Technologies (2021 - Present)
- Implemented custom CNN models for automated defect detection in manufacturing assembly lines.
- Presenting analytical findings and technical ML approaches to product and business leaders.
- Engineering features from structured and unstructured text databases to improve model accuracy.

EDUCATION
MS in Software Engineering
National Science University (2014)",Data Scientist
"Michael Garcia
Data Scientist | Email: michael.garcia@example.com | Phone: +1-555-557-3650

SUMMARY
A research-oriented Data Scientist with 4+ years of experience in the software industry, specialized in computer vision applications and delivering high-quality business value.

SKILLS
SQL, Pandas, Python, Machine Learning, PyTorch, TensorFlow, Statistics, NLP

EXPERIENCE
Senior Data Scientist | CloudDynamics (2021 - Present)
- Successfully deployed deep learning models into production environments utilizing Docker containerization.
- Designing experimental frameworks and performing rigorous hypothesis and statistical testing.
- Presenting analytical findings and technical ML approaches to product and business leaders.

EDUCATION
Bachelor of Engineering
State University of Technology (2017)",Data Scientist
"Robert White
Machine Learning Engineer | Email: robert.white@example.com | Phone: +1-555-138-7296

SUMMARY
A problem-solving Machine Learning Engineer with 5+ years of experience in the software industry, specialized in building predictive machine learning models and delivering high-quality business value.

SKILLS
NLP, Statistics, Python, Deep Learning, Scikit-Learn, R, SQL, Pandas

EXPERIENCE
Senior Data Scientist | ByteWise Technologies (2022 - Present)
- Developed an NLP text classification system for customer tickets, automating 40% of routing tasks.
- Presenting analytical findings and technical ML approaches to product and business leaders.
- Designing experimental frameworks and performing rigorous hypothesis and statistical testing.

EDUCATION
Bachelor of Science in Computer Science
Metropolitan University (2015)",Data Scientist
"James Miller
Machine Learning Engineer | Email: james.miller@example.com | Phone: +1-555-188-5520

SUMMARY
A problem-solving Machine Learning Engineer with 6+ years of experience in the software industry, specialized in computer vision applications and delivering high-quality business value.

SKILLS
Deep Learning, Computer Vision, Python, R, Pandas, Scikit-Learn, Machine Learning, PyTorch

EXPERIENCE
Machine Learning Engineer | NexGen Enterprises (2020 - Present)
- Implemented custom CNN models for automated defect detection in manufacturing assembly lines.
- Designing experimental frameworks and performing rigorous hypothesis and statistical testing.
- Presenting analytical findings and technical ML approaches to product and business leaders.

EDUCATION
MS in Software Engineering
Institute of Science & Tech (2012)",Data Scientist
"Thomas Miller
Data Scientist | Email: thomas.miller@example.com | Phone: +1-555-516-9294

SUMMARY
A highly analytical Data Scientist with 4+ years of experience in the software industry, specialized in natural language processing and delivering high-quality business value.

SKILLS
Computer Vision, Scikit-Learn, Statistics, Pandas, NLP, Deep Learning

EXPERIENCE
Data Scientist | NexGen Enterprises (2021 - Present)
- Implemented custom CNN models for automated defect detection in manufacturing assembly lines.
- Engineering features from structured and unstructured text databases to improve model accuracy.
- Presenting analytical findings and technical ML approaches to product and business leaders.

EDUCATION
Bachelor of Science in Information Systems
Tech University (2019)",Data Scientist
"Michael Rodriguez
Senior Data Scientist | Email: michael.rodriguez@example.com | Phone: +1-555-169-7269

SUMMARY
A research-oriented Senior Data Scientist with 4+ years of experience in the software industry, specialized in implementing deep learning architectures and delivering high-quality business value.

SKILLS
TensorFlow, Computer Vision, Pandas, Python, Scikit-Learn, R, Machine Learning

EXPERIENCE
Senior Data Scientist | InnovateSoft (2021 - Present)
- Implemented custom CNN models for automated defect detection in manufacturing assembly lines.
- Designing experimental frameworks and performing rigorous hypothesis and statistical testing.
- Presenting analytical findings and technical ML approaches to product and business leaders.

EDUCATION
MS in Software Engineering
Metropolitan University (2017)",Data Scientist
"Richard Thompson
Senior Data Scientist | Email: richard.thompson@example.com | Phone: +1-555-375-3994

SUMMARY
A research-oriented Senior Data Scientist with 5+ years of experience in the software industry, specialized in computer vision applications and delivering high-quality business value.

SKILLS
Statistics, Deep Learning, Scikit-Learn, Pandas, Computer Vision, R

EXPERIENCE
Machine Learning Engineer | DataSystems Inc. (2022 - Present)
- Developed an NLP text classification system for customer tickets, automating 40% of routing tasks.
- Designing experimental frameworks and performing rigorous hypothesis and statistical testing.
- Presenting analytical findings and technical ML approaches to product and business leaders.

EDUCATION
Bachelor of Science in Computer Science
National Science University (2019)",Data Scientist
"Heather Smith
Data Scientist | Email: heather.smith@example.com | Phone: +1-555-882-9871

SUMMARY
A quantitative Data Scientist with 4+ years of experience in the software industry, specialized in natural language processing and delivering high-quality business value.

SKILLS
SQL, Scikit-Learn, NLP, Machine Learning, Pandas, Deep Learning, R

EXPERIENCE
Data Scientist | NexGen Enterprises (2019 - Present)
- Successfully deployed deep learning models into production environments utilizing Docker containerization.
- Engineering features from structured and unstructured text databases to improve model accuracy.
- Designing experimental frameworks and performing rigorous hypothesis and statistical testing.

EDUCATION
Bachelor of Science in Information Systems
Metropolitan University (2018)",Data Scientist
"David Hernandez
Machine Learning Engineer | Email: david.hernandez@example.com | Phone: +1-555-223-9490

SUMMARY
A problem-solving Machine Learning Engineer with 3+ years of experience in the software industry, specialized in building predictive machine learning models and delivering high-quality business value.

SKILLS
Deep Learning, PyTorch, SQL, R, TensorFlow, Machine Learning, Scikit-Learn, Pandas

EXPERIENCE
Machine Learning Engineer | CloudDynamics (2022 - Present)
- Developed an NLP text classification system for customer tickets, automating 40% of routing tasks.
- Engineering features from structured and unstructured text databases to improve model accuracy.
- Presenting analytical findings and technical ML approaches to product and business leaders.

EDUCATION
Bachelor of Science in Information Systems
Metropolitan University (2017)",Data Scientist
"David Moore
Machine Learning Engineer | Email: david.moore@example.com | Phone: +1-555-534-4449

SUMMARY
A problem-solving Machine Learning Engineer with 6+ years of experience in the software industry, specialized in natural language processing and delivering high-quality business value.

SKILLS
NLP, Machine Learning, SQL, Pandas, Deep Learning, PyTorch, Python

EXPERIENCE
Senior Data Scientist | WebFlow Digital (2019 - Present)
- Successfully deployed deep learning models into production environments utilizing Docker containerization.
- Engineering features from structured and unstructured text databases to improve model accuracy.
- Designing experimental frameworks and performing rigorous hypothesis and statistical testing.

EDUCATION
MS in Information Technology
National Science University (2014)",Data Scientist
"Jennifer Smith
Machine Learning Engineer | Email: jennifer.smith@example.com | Phone: +1-555-280-7906

SUMMARY
A research-oriented Machine Learning Engineer with 6+ years of experience in the software industry, specialized in natural language processing and delivering high-quality business value.

SKILLS
Scikit-Learn, Computer Vision, SQL, Python, PyTorch, Pandas, TensorFlow

EXPERIENCE
Data Scientist | CloudDynamics (2018 - Present)
- Implemented custom CNN models for automated defect detection in manufacturing assembly lines.
- Engineering features from structured and unstructured text databases to improve model accuracy.
- Designing experimental frameworks and performing rigorous hypothesis and statistical testing.

EDUCATION
MS in Software Engineering
National Science University (2017)",Data Scientist
"Thomas Anderson
Machine Learning Engineer | Email: thomas.anderson@example.com | Phone: +1-555-468-5222

SUMMARY
A highly analytical Machine Learning Engineer with 3+ years of experience in the software industry, specialized in computer vision applications and delivering high-quality business value.

SKILLS
Pandas, SQL, Deep Learning, Computer Vision, Machine Learning, PyTorch, NLP

EXPERIENCE
Senior Data Scientist | Apex Global (2020 - Present)
- Successfully deployed deep learning models into production environments utilizing Docker containerization.
- Presenting analytical findings and technical ML approaches to product and business leaders.
- Engineering features from structured and unstructured text databases to improve model accuracy.

EDUCATION
Bachelor of Science in Computer Science
Institute of Science & Tech (2016)",Data Scientist
"Amanda Jones
Senior Data Scientist | Email: amanda.jones@example.com | Phone: +1-555-989-3745

SUMMARY
A problem-solving Senior Data Scientist with 6+ years of experience in the software industry, specialized in computer vision applications and delivering high-quality business value.

SKILLS
R, Machine Learning, TensorFlow, Deep Learning, SQL, Pandas

EXPERIENCE
Senior Data Scientist | WebFlow Digital (2020 - Present)
- Successfully deployed deep learning models into production environments utilizing Docker containerization.
- Engineering features from structured and unstructured text databases to improve model accuracy.
- Presenting analytical findings and technical ML approaches to product and business leaders.

EDUCATION
Bachelor of Engineering
National Science University (2020)",Data Scientist
"Amanda Thomas
Data Scientist | Email: amanda.thomas@example.com | Phone: +1-555-271-4012

SUMMARY
A research-oriented Data Scientist with 4+ years of experience in the software industry, specialized in implementing deep learning architectures and delivering high-quality business value.

SKILLS
Statistics, R, Deep Learning, Machine Learning, PyTorch, Python, NLP, TensorFlow

EXPERIENCE
Data Scientist | Alpha Consulting (2022 - Present)
- Built a churn prediction model using Random Forests, reducing customer attrition by 12%.
- Engineering features from structured and unstructured text databases to improve model accuracy.
- Designing experimental frameworks and performing rigorous hypothesis and statistical testing.

EDUCATION
Bachelor of Science in Computer Science
Metropolitan University (2014)",Data Scientist
"Robert Taylor
Data Scientist | Email: robert.taylor@example.com | Phone: +1-555-416-4757

SUMMARY
A problem-solving Data Scientist with 5+ years of experience in the software industry, specialized in computer vision applications and delivering high-quality business value.

SKILLS
Computer Vision, Machine Learning, Python, SQL, TensorFlow, PyTorch

EXPERIENCE
Machine Learning Engineer | Apex Global (2021 - Present)
- Implemented custom CNN models for automated defect detection in manufacturing assembly lines.
- Presenting analytical findings and technical ML approaches to product and business leaders.
- Engineering features from structured and unstructured text databases to improve model accuracy.

EDUCATION
MS in Information Technology
National Science University (2020)",Data Scientist
"David Thompson
Senior Data Scientist | Email: david.thompson@example.com | Phone: +1-555-711-8480

SUMMARY
A quantitative Senior Data Scientist with 4+ years of experience in the software industry, specialized in natural language processing and delivering high-quality business value.

SKILLS
Computer Vision, Deep Learning, R, NLP, Scikit-Learn, Machine Learning, Pandas

EXPERIENCE
Machine Learning Engineer | WebFlow Digital (2019 - Present)
- Built a churn prediction model using Random Forests, reducing customer attrition by 12%.
- Designing experimental frameworks and performing rigorous hypothesis and statistical testing.
- Presenting analytical findings and technical ML approaches to product and business leaders.

EDUCATION
Bachelor of Engineering
Metropolitan University (2019)",Data Scientist
"Stephanie Smith
Machine Learning Engineer | Email: stephanie.smith@example.com | Phone: +1-555-804-9059

SUMMARY
A problem-solving Machine Learning Engineer with 6+ years of experience in the software industry, specialized in building predictive machine learning models and delivering high-quality business value.

SKILLS
SQL, Deep Learning, Python, Computer Vision, TensorFlow, R, Pandas

EXPERIENCE
Machine Learning Engineer | ByteWise Technologies (2021 - Present)
- Developed an NLP text classification system for customer tickets, automating 40% of routing tasks.
- Designing experimental frameworks and performing rigorous hypothesis and statistical testing.
- Engineering features from structured and unstructured text databases to improve model accuracy.

EDUCATION
MS in Software Engineering
State University of Technology (2016)",Data Scientist
"Robert Thomas
Senior Data Scientist | Email: robert.thomas@example.com | Phone: +1-555-740-4924

SUMMARY
A problem-solving Senior Data Scientist with 4+ years of experience in the software industry, specialized in natural language processing and delivering high-quality business value.

SKILLS
Deep Learning, R, Machine Learning, SQL, Scikit-Learn, Python, TensorFlow

EXPERIENCE
Machine Learning Engineer | Alpha Consulting (2022 - Present)
- Implemented custom CNN models for automated defect detection in manufacturing assembly lines.
- Presenting analytical findings and technical ML approaches to product and business leaders.
- Engineering features from structured and unstructured text databases to improve model accuracy.

EDUCATION
MS in Information Technology
Metropolitan University (2012)",Data Scientist
"William Johnson
Data Scientist | Email: william.johnson@example.com | Phone: +1-555-647-1362

SUMMARY
A highly analytical Data Scientist with 4+ years of experience in the software industry, specialized in natural language processing and delivering high-quality business value.

SKILLS
Statistics, NLP, Python, Deep Learning, R, Pandas

EXPERIENCE
Data Scientist | TechCorp Solutions (2021 - Present)
- Implemented custom CNN models for automated defect detection in manufacturing assembly lines.
- Engineering features from structured and unstructured text databases to improve model accuracy.
- Presenting analytical findings and technical ML approaches to product and business leaders.

EDUCATION
MS in Software Engineering
Metropolitan University (2019)",Data Scientist
"John Martinez
Data Scientist | Email: john.martinez@example.com | Phone: +1-555-182-3393

SUMMARY
A problem-solving Data Scientist with 3+ years of experience in the software industry, specialized in computer vision applications and delivering high-quality business value.

SKILLS
NLP, Machine Learning, Deep Learning, Scikit-Learn, PyTorch, Statistics, Python, TensorFlow

EXPERIENCE
Machine Learning Engineer | DataSystems Inc. (2021 - Present)
- Developed an NLP text classification system for customer tickets, automating 40% of routing tasks.
- Presenting analytical findings and technical ML approaches to product and business leaders.
- Designing experimental frameworks and performing rigorous hypothesis and statistical testing.

EDUCATION
MS in Information Technology
Institute of Science & Tech (2013)",Data Scientist
"Melissa Davis
Senior Data Scientist | Email: melissa.davis@example.com | Phone: +1-555-584-7375

SUMMARY
A problem-solving Senior Data Scientist with 5+ years of experience in the software industry, specialized in natural language processing and delivering high-quality business value.

SKILLS
Statistics, Python, Computer Vision, SQL, R, Machine Learning, Deep Learning, PyTorch

EXPERIENCE
Data Scientist | DataSystems Inc. (2020 - Present)
- Developed an NLP text classification system for customer tickets, automating 40% of routing tasks.
- Designing experimental frameworks and performing rigorous hypothesis and statistical testing.
- Presenting analytical findings and technical ML approaches to product and business leaders.

EDUCATION
MS in Software Engineering
Metropolitan University (2012)",Data Scientist
"David Rodriguez
Machine Learning Engineer | Email: david.rodriguez@example.com | Phone: +1-555-698-2960

SUMMARY
A research-oriented Machine Learning Engineer with 3+ years of experience in the software industry, specialized in building predictive machine learning models and delivering high-quality business value.

SKILLS
Statistics, NLP, SQL, Machine Learning, TensorFlow, PyTorch, Python, R

EXPERIENCE
Data Scientist | CloudDynamics (2021 - Present)
- Implemented custom CNN models for automated defect detection in manufacturing assembly lines.
- Presenting analytical findings and technical ML approaches to product and business leaders.
- Designing experimental frameworks and performing rigorous hypothesis and statistical testing.

EDUCATION
Bachelor of Science in Computer Science
Metropolitan University (2014)",Data Scientist
"Stephanie Brown
Data Scientist | Email: stephanie.brown@example.com | Phone: +1-555-228-8992

SUMMARY
A problem-solving Data Scientist with 6+ years of experience in the software industry, specialized in natural language processing and delivering high-quality business value.

SKILLS
Deep Learning, Python, PyTorch, TensorFlow, Machine Learning, NLP, Pandas, Statistics

EXPERIENCE
Machine Learning Engineer | Alpha Consulting (2022 - Present)
- Successfully deployed deep learning models into production environments utilizing Docker containerization.
- Designing experimental frameworks and performing rigorous hypothesis and statistical testing.
- Presenting analytical findings and technical ML approaches to product and business leaders.

EDUCATION
Bachelor of Science in Information Systems
Metropolitan University (2017)",Data Scientist
"Amanda Rodriguez
Data Scientist | Email: amanda.rodriguez@example.com | Phone: +1-555-988-3627

SUMMARY
A research-oriented Data Scientist with 4+ years of experience in the software industry, specialized in computer vision applications and delivering high-quality business value.

SKILLS
Computer Vision, TensorFlow, NLP, Python, PyTorch, Pandas, R

EXPERIENCE
Machine Learning Engineer | TechCorp Solutions (2022 - Present)
- Developed an NLP text classification system for customer tickets, automating 40% of routing tasks.
- Engineering features from structured and unstructured text databases to improve model accuracy.
- Designing experimental frameworks and performing rigorous hypothesis and statistical testing.

EDUCATION
Bachelor of Science in Information Systems
Institute of Science & Tech (2015)",Data Scientist
"Melissa Moore
Senior Data Scientist | Email: melissa.moore@example.com | Phone: +1-555-884-3525

SUMMARY
A problem-solving Senior Data Scientist with 6+ years of experience in the software industry, specialized in natural language processing and delivering high-quality business value.

SKILLS
TensorFlow, R, Pandas, Computer Vision, SQL, Python, NLP, Statistics

EXPERIENCE
Data Scientist | TechCorp Solutions (2019 - Present)
- Successfully deployed deep learning models into production environments utilizing Docker containerization.
- Designing experimental frameworks and performing rigorous hypothesis and statistical testing.
- Presenting analytical findings and technical ML approaches to product and business leaders.

EDUCATION
Bachelor of Science in Computer Science
Western Engineering College (2018)",Data Scientist
"Jennifer Martin
Data Scientist | Email: jennifer.martin@example.com | Phone: +1-555-738-5193

SUMMARY
A problem-solving Data Scientist with 3+ years of experience in the software industry, specialized in implementing deep learning architectures and delivering high-quality business value.

SKILLS
Deep Learning, Pandas, NLP, R, SQL, PyTorch

EXPERIENCE
Senior Data Scientist | TechCorp Solutions (2020 - Present)
- Successfully deployed deep learning models into production environments utilizing Docker containerization.
- Engineering features from structured and unstructured text databases to improve model accuracy.
- Designing experimental frameworks and performing rigorous hypothesis and statistical testing.

EDUCATION
Bachelor of Science in Information Systems
Metropolitan University (2020)",Data Scientist
"John Williams
Data Scientist | Email: john.williams@example.com | Phone: +1-555-954-5979

SUMMARY
A research-oriented Data Scientist with 3+ years of experience in the software industry, specialized in building predictive machine learning models and delivering high-quality business value.

SKILLS
Deep Learning, Computer Vision, PyTorch, Statistics, Pandas, Scikit-Learn, TensorFlow, R

EXPERIENCE
Senior Data Scientist | NexGen Enterprises (2019 - Present)
- Successfully deployed deep learning models into production environments utilizing Docker containerization.
- Presenting analytical findings and technical ML approaches to product and business leaders.
- Designing experimental frameworks and performing rigorous hypothesis and statistical testing.

EDUCATION
Bachelor of Science in Information Systems
Metropolitan University (2019)",Data Scientist
"Ashley Brown
Senior Data Scientist | Email: ashley.brown@example.com | Phone: +1-555-270-3955

SUMMARY
A quantitative Senior Data Scientist with 5+ years of experience in the software industry, specialized in natural language processing and delivering high-quality business value.

SKILLS
SQL, NLP, TensorFlow, Statistics, Computer Vision, PyTorch, Machine Learning, Deep Learning

EXPERIENCE
Senior Data Scientist | SecureNet Solutions (2020 - Present)
- Developed an NLP text classification system for customer tickets, automating 40% of routing tasks.
- Presenting analytical findings and technical ML approaches to product and business leaders.
- Designing experimental frameworks and performing rigorous hypothesis and statistical testing.

EDUCATION
MS in Software Engineering
Western Engineering College (2016)",Data Scientist
"Emily Hernandez
Data Scientist | Email: emily.hernandez@example.com | Phone: +1-555-558-7505

SUMMARY
A highly analytical Data Scientist with 3+ years of experience in the software industry, specialized in natural language processing and delivering high-quality business value.

SKILLS
Machine Learning, Scikit-Learn, Python, Pandas, Deep Learning, R, Statistics, SQL

EXPERIENCE
Senior Data Scientist | WebFlow Digital (2022 - Present)
- Developed an NLP text classification system for customer tickets, automating 40% of routing tasks.
- Designing experimental frameworks and performing rigorous hypothesis and statistical testing.
- Presenting analytical findings and technical ML approaches to product and business leaders.

EDUCATION
MS in Software Engineering
Metropolitan University (2014)",Data Scientist
"William Rodriguez
Data Scientist | Email: william.rodriguez@example.com | Phone: +1-555-475-5093

SUMMARY
A problem-solving Data Scientist with 3+ years of experience in the software industry, specialized in natural language processing and delivering high-quality business value.

SKILLS
PyTorch, SQL, Deep Learning, R, TensorFlow, Statistics, Pandas, Computer Vision

EXPERIENCE
Data Scientist | Alpha Consulting (2022 - Present)
- Implemented custom CNN models for automated defect detection in manufacturing assembly lines.
- Designing experimental frameworks and performing rigorous hypothesis and statistical testing.
- Engineering features from structured and unstructured text databases to improve model accuracy.

EDUCATION
Bachelor of Science in Computer Science
Tech University (2017)",Data Scientist
"Emily Thomas
Data Scientist | Email: emily.thomas@example.com | Phone: +1-555-526-2974

SUMMARY
A highly analytical Data Scientist with 3+ years of experience in the software industry, specialized in computer vision applications and delivering high-quality business value.

SKILLS
Computer Vision, Python, TensorFlow, Statistics, Machine Learning, NLP, Scikit-Learn

EXPERIENCE
Data Scientist | DataSystems Inc. (2019 - Present)
- Successfully deployed deep learning models into production environments utilizing Docker containerization.
- Engineering features from structured and unstructured text databases to improve model accuracy.
- Designing experimental frameworks and performing rigorous hypothesis and statistical testing.

EDUCATION
MS in Information Technology
Institute of Science & Tech (2016)",Data Scientist
"Jessica Jones
Data Scientist | Email: jessica.jones@example.com | Phone: +1-555-235-6507

SUMMARY
A quantitative Data Scientist with 6+ years of experience in the software industry, specialized in building predictive machine learning models and delivering high-quality business value.

SKILLS
R, PyTorch, Computer Vision, Pandas, Machine Learning, SQL, Statistics

EXPERIENCE
Data Scientist | Alpha Consulting (2022 - Present)
- Successfully deployed deep learning models into production environments utilizing Docker containerization.
- Engineering features from structured and unstructured text databases to improve model accuracy.
- Designing experimental frameworks and performing rigorous hypothesis and statistical testing.

EDUCATION
Bachelor of Science in Information Systems
Western Engineering College (2020)",Data Scientist
"Joseph Garcia
Machine Learning Engineer | Email: joseph.garcia@example.com | Phone: +1-555-173-5362

SUMMARY
A problem-solving Machine Learning Engineer with 3+ years of experience in the software industry, specialized in building predictive machine learning models and delivering high-quality business value.

SKILLS
PyTorch, Statistics, TensorFlow, SQL, Deep Learning, Machine Learning, Pandas, Scikit-Learn

EXPERIENCE
Data Scientist | TechCorp Solutions (2020 - Present)
- Implemented custom CNN models for automated defect detection in manufacturing assembly lines.
- Presenting analytical findings and technical ML approaches to product and business leaders.
- Engineering features from structured and unstructured text databases to improve model accuracy.

EDUCATION
Bachelor of Science in Information Systems
State University of Technology (2019)",Data Scientist
"John Garcia
Data Scientist | Email: john.garcia@example.com | Phone: +1-555-304-7124

SUMMARY
A highly analytical Data Scientist with 3+ years of experience in the software industry, specialized in building predictive machine learning models and delivering high-quality business value.

SKILLS
SQL, Machine Learning, Scikit-Learn, Python, TensorFlow, NLP

EXPERIENCE
Machine Learning Engineer | InnovateSoft (2020 - Present)
- Successfully deployed deep learning models into production environments utilizing Docker containerization.
- Designing experimental frameworks and performing rigorous hypothesis and statistical testing.
- Engineering features from structured and unstructured text databases to improve model accuracy.

EDUCATION
MS in Information Technology
National Science University (2020)",Data Scientist
"Richard Davis
Machine Learning Engineer | Email: richard.davis@example.com | Phone: +1-555-659-9573

SUMMARY
A quantitative Machine Learning Engineer with 3+ years of experience in the software industry, specialized in implementing deep learning architectures and delivering high-quality business value.

SKILLS
SQL, Pandas, Computer Vision, Python, Scikit-Learn, R, Statistics

EXPERIENCE
Senior Data Scientist | WebFlow Digital (2019 - Present)
- Implemented custom CNN models for automated defect detection in manufacturing assembly lines.
- Designing experimental frameworks and performing rigorous hypothesis and statistical testing.
- Engineering features from structured and unstructured text databases to improve model accuracy.

EDUCATION
Bachelor of Science in Computer Science
Tech University (2018)",Data Scientist
"Thomas Anderson
Data Scientist | Email: thomas.anderson@example.com | Phone: +1-555-985-2767

SUMMARY
A problem-solving Data Scientist with 5+ years of experience in the software industry, specialized in computer vision applications and delivering high-quality business value.

SKILLS
Computer Vision, R, TensorFlow, NLP, Pandas, Statistics, PyTorch

EXPERIENCE
Senior Data Scientist | ByteWise Technologies (2021 - Present)
- Built a churn prediction model using Random Forests, reducing customer attrition by 12%.
- Designing experimental frameworks and performing rigorous hypothesis and statistical testing.
- Presenting analytical findings and technical ML approaches to product and business leaders.

EDUCATION
Bachelor of Science in Information Systems
Metropolitan University (2017)",Data Scientist
"Jennifer Taylor
Data Scientist | Email: jennifer.taylor@example.com | Phone: +1-555-862-3572

SUMMARY
A problem-solving Data Scientist with 4+ years of experience in the software industry, specialized in natural language processing and delivering high-quality business value.

SKILLS
Scikit-Learn, Deep Learning, Computer Vision, Statistics, Python, TensorFlow, Machine Learning, Pandas

EXPERIENCE
Machine Learning Engineer | TechCorp Solutions (2022 - Present)
- Developed an NLP text classification system for customer tickets, automating 40% of routing tasks.
- Designing experimental frameworks and performing rigorous hypothesis and statistical testing.
- Engineering features from structured and unstructured text databases to improve model accuracy.

EDUCATION
MS in Software Engineering
National Science University (2014)",Data Scientist
"Robert Taylor
Machine Learning Engineer | Email: robert.taylor@example.com | Phone: +1-555-633-4726

SUMMARY
A research-oriented Machine Learning Engineer with 6+ years of experience in the software industry, specialized in implementing deep learning architectures and delivering high-quality business value.

SKILLS
SQL, TensorFlow, NLP, Computer Vision, Machine Learning, R, Pandas

EXPERIENCE
Senior Data Scientist | CloudDynamics (2022 - Present)
- Developed an NLP text classification system for customer tickets, automating 40% of routing tasks.
- Designing experimental frameworks and performing rigorous hypothesis and statistical testing.
- Engineering features from structured and unstructured text databases to improve model accuracy.

EDUCATION
Bachelor of Science in Information Systems
State University of Technology (2018)",Data Scientist
"William Thompson
Data Scientist | Email: william.thompson@example.com | Phone: +1-555-261-6201

SUMMARY
A highly analytical Data Scientist with 4+ years of experience in the software industry, specialized in implementing deep learning architectures and delivering high-quality business value.

SKILLS
Statistics, Python, TensorFlow, PyTorch, Computer Vision, Machine Learning

EXPERIENCE
Data Scientist | Alpha Consulting (2020 - Present)
- Developed an NLP text classification system for customer tickets, automating 40% of routing tasks.
- Designing experimental frameworks and performing rigorous hypothesis and statistical testing.
- Presenting analytical findings and technical ML approaches to product and business leaders.

EDUCATION
MS in Information Technology
Tech University (2016)",Data Scientist
"Heather Thompson
Platform Engineer | Email: heather.thompson@example.com | Phone: +1-555-727-4783

SUMMARY
A efficiency-driven Platform Engineer with 3+ years of experience in the software industry, specialized in managing container orchestration infrastructure and delivering high-quality business value.

SKILLS
Kubernetes, Bash, AWS, Jenkins, Linux, Grafana, Terraform

EXPERIENCE
Site Reliability Engineer (SRE) | Apex Global (2019 - Present)
- Configured alerts and monitoring dashboards in Grafana, decreasing incident response times by 35%.
- Collaborating with development teams to debug deployment issues and network configurations.
- Configuring secure system firewalls, VPNs, and IAM policies inside AWS infrastructure.

EDUCATION
MS in Information Technology
State University of Technology (2015)",DevOps Engineer
"John Thomas
Site Reliability Engineer (SRE) | Email: john.thomas@example.com | Phone: +1-555-882-1245

SUMMARY
A experienced Site Reliability Engineer (SRE) with 5+ years of experience in the software industry, specialized in managing container orchestration infrastructure and delivering high-quality business value.

SKILLS
Kubernetes, Jenkins, AWS, Prometheus, Grafana, Terraform

EXPERIENCE
Site Reliability Engineer (SRE) | Alpha Consulting (2019 - Present)
- Configured alerts and monitoring dashboards in Grafana, decreasing incident response times by 35%.
- Configuring secure system firewalls, VPNs, and IAM policies inside AWS infrastructure.
- Collaborating with development teams to debug deployment issues and network configurations.

EDUCATION
Bachelor of Engineering
Institute of Science & Tech (2020)",DevOps Engineer
"Melissa Johnson
Site Reliability Engineer (SRE) | Email: melissa.johnson@example.com | Phone: +1-555-633-2791

SUMMARY
A experienced Site Reliability Engineer (SRE) with 5+ years of experience in the software industry, specialized in automating CI/CD integration and delivering high-quality business value.

SKILLS
Linux, Ansible, Docker, CI/CD, Bash, Grafana, Kubernetes, Jenkins

EXPERIENCE
Site Reliability Engineer (SRE) | Alpha Consulting (2021 - Present)
- Implemented automated infrastructure provisioning using Terraform across dev, staging, and production environments.
- Collaborating with development teams to debug deployment issues and network configurations.
- Configuring secure system firewalls, VPNs, and IAM policies inside AWS infrastructure.

EDUCATION
MS in Software Engineering
Metropolitan University (2012)",DevOps Engineer
"Melissa Jones
DevOps Engineer | Email: melissa.jones@example.com | Phone: +1-555-574-8400

SUMMARY
A infrastructure-focused DevOps Engineer with 5+ years of experience in the software industry, specialized in managing container orchestration infrastructure and delivering high-quality business value.

SKILLS
Ansible, Terraform, AWS, Docker, Jenkins, Grafana, GitHub Actions

EXPERIENCE
DevOps Engineer | DataSystems Inc. (2021 - Present)
- Implemented automated infrastructure provisioning using Terraform across dev, staging, and production environments.
- Collaborating with development teams to debug deployment issues and network configurations.
- Configuring secure system firewalls, VPNs, and IAM policies inside AWS infrastructure.

EDUCATION
Bachelor of Science in Computer Science
Tech University (2013)",DevOps Engineer
"Amanda Anderson
Platform Engineer | Email: amanda.anderson@example.com | Phone: +1-555-187-9582

SUMMARY
A experienced Platform Engineer with 6+ years of experience in the software industry, specialized in managing container orchestration infrastructure and delivering high-quality business value.

SKILLS
Ansible, Docker, Jenkins, Terraform, Grafana, Linux, CI/CD, Kubernetes

EXPERIENCE
Site Reliability Engineer (SRE) | CloudDynamics (2018 - Present)
- Implemented automated infrastructure provisioning using Terraform across dev, staging, and production environments.
- Collaborating with development teams to debug deployment issues and network configurations.
- Performing capacity planning and optimizing cluster resources to lower infrastructure spending.

EDUCATION
Bachelor of Engineering
National Science University (2014)",DevOps Engineer
"Michael Jones
Platform Engineer | Email: michael.jones@example.com | Phone: +1-555-307-1057

SUMMARY
A highly collaborative Platform Engineer with 6+ years of experience in the software industry, specialized in automating CI/CD integration and delivering high-quality business value.

SKILLS
AWS, Linux, Docker, Prometheus, CI/CD, GitLab CI, Kubernetes

EXPERIENCE
Site Reliability Engineer (SRE) | NexGen Enterprises (2021 - Present)
- Configured alerts and monitoring dashboards in Grafana, decreasing incident response times by 35%.
- Collaborating with development teams to debug deployment issues and network configurations.
- Configuring secure system firewalls, VPNs, and IAM policies inside AWS infrastructure.

EDUCATION
Bachelor of Science in Information Systems
Western Engineering College (2012)",DevOps Engineer
"Joseph Jackson
DevOps Engineer | Email: joseph.jackson@example.com | Phone: +1-555-384-4401

SUMMARY
A efficiency-driven DevOps Engineer with 3+ years of experience in the software industry, specialized in managing container orchestration infrastructure and delivering high-quality business value.

SKILLS
Terraform, Docker, Jenkins, Bash, GitHub Actions, CI/CD, Prometheus, Ansible

EXPERIENCE
DevOps Engineer | InnovateSoft (2021 - Present)
- Managed production Kubernetes clusters (EKS) hosting 50+ microservices with zero downtime.
- Performing capacity planning and optimizing cluster resources to lower infrastructure spending.
- Collaborating with development teams to debug deployment issues and network configurations.

EDUCATION
Bachelor of Science in Information Systems
National Science University (2020)",DevOps Engineer
"David Hernandez
DevOps Engineer | Email: david.hernandez@example.com | Phone: +1-555-867-6901

SUMMARY
A infrastructure-focused DevOps Engineer with 4+ years of experience in the software industry, specialized in implementing infrastructure as code and delivering high-quality business value.

SKILLS
Ansible, Kubernetes, CI/CD, Linux, Bash, GitHub Actions, GitLab CI

EXPERIENCE
Platform Engineer | CloudDynamics (2018 - Present)
- Implemented automated infrastructure provisioning using Terraform across dev, staging, and production environments.
- Collaborating with development teams to debug deployment issues and network configurations.
- Performing capacity planning and optimizing cluster resources to lower infrastructure spending.

EDUCATION
Bachelor of Science in Information Systems
State University of Technology (2015)",DevOps Engineer
"Heather Johnson
DevOps Engineer | Email: heather.johnson@example.com | Phone: +1-555-211-9666

SUMMARY
A experienced DevOps Engineer with 6+ years of experience in the software industry, specialized in implementing infrastructure as code and delivering high-quality business value.

SKILLS
Terraform, GitHub Actions, Linux, Prometheus, CI/CD, Jenkins, Bash, Ansible

EXPERIENCE
Platform Engineer | Alpha Consulting (2022 - Present)
- Configured alerts and monitoring dashboards in Grafana, decreasing incident response times by 35%.
- Collaborating with development teams to debug deployment issues and network configurations.
- Configuring secure system firewalls, VPNs, and IAM policies inside AWS infrastructure.

EDUCATION
Bachelor of Science in Information Systems
State University of Technology (2016)",DevOps Engineer
"Richard Smith
Site Reliability Engineer (SRE) | Email: richard.smith@example.com | Phone: +1-555-221-1392

SUMMARY
A infrastructure-focused Site Reliability Engineer (SRE) with 6+ years of experience in the software industry, specialized in managing container orchestration infrastructure and delivering high-quality business value.

SKILLS
Docker, Terraform, Bash, Linux, GitLab CI, CI/CD, Grafana

EXPERIENCE
Site Reliability Engineer (SRE) | DataSystems Inc. (2020 - Present)
- Designed and automated CI/CD pipelines using GitHub Actions, reducing deployment time from 1 hour to 10 minutes.
- Collaborating with development teams to debug deployment issues and network configurations.
- Performing capacity planning and optimizing cluster resources to lower infrastructure spending.

EDUCATION
Bachelor of Science in Information Systems
Western Engineering College (2017)",DevOps Engineer
"James Brown
Site Reliability Engineer (SRE) | Email: james.brown@example.com | Phone: +1-555-802-6460

SUMMARY
A experienced Site Reliability Engineer (SRE) with 5+ years of experience in the software industry, specialized in automating CI/CD integration and delivering high-quality business value.

SKILLS
Terraform, CI/CD, Grafana, AWS, Prometheus, Docker

EXPERIENCE
DevOps Engineer | CloudDynamics (2021 - Present)
- Configured alerts and monitoring dashboards in Grafana, decreasing incident response times by 35%.
- Performing capacity planning and optimizing cluster resources to lower infrastructure spending.
- Collaborating with development teams to debug deployment issues and network configurations.

EDUCATION
MS in Software Engineering
Institute of Science & Tech (2012)",DevOps Engineer
"Melissa Wilson
Platform Engineer | Email: melissa.wilson@example.com | Phone: +1-555-678-6169

SUMMARY
A infrastructure-focused Platform Engineer with 4+ years of experience in the software industry, specialized in managing container orchestration infrastructure and delivering high-quality business value.

SKILLS
Kubernetes, Jenkins, GitHub Actions, Docker, Terraform, Ansible, Linux

EXPERIENCE
Platform Engineer | ByteWise Technologies (2019 - Present)
- Configured alerts and monitoring dashboards in Grafana, decreasing incident response times by 35%.
- Configuring secure system firewalls, VPNs, and IAM policies inside AWS infrastructure.
- Performing capacity planning and optimizing cluster resources to lower infrastructure spending.

EDUCATION
Bachelor of Engineering
National Science University (2017)",DevOps Engineer
"John Rodriguez
Site Reliability Engineer (SRE) | Email: john.rodriguez@example.com | Phone: +1-555-523-2422

SUMMARY
A efficiency-driven Site Reliability Engineer (SRE) with 6+ years of experience in the software industry, specialized in implementing infrastructure as code and delivering high-quality business value.

SKILLS
GitLab CI, Linux, GitHub Actions, Jenkins, Kubernetes, Terraform, Ansible

EXPERIENCE
DevOps Engineer | TechCorp Solutions (2019 - Present)
- Configured alerts and monitoring dashboards in Grafana, decreasing incident response times by 35%.
- Performing capacity planning and optimizing cluster resources to lower infrastructure spending.
- Configuring secure system firewalls, VPNs, and IAM policies inside AWS infrastructure.

EDUCATION
MS in Software Engineering
Western Engineering College (2014)",DevOps Engineer
"Richard Martinez
Site Reliability Engineer (SRE) | Email: richard.martinez@example.com | Phone: +1-555-595-9579

SUMMARY
A highly collaborative Site Reliability Engineer (SRE) with 3+ years of experience in the software industry, specialized in managing container orchestration infrastructure and delivering high-quality business value.

SKILLS
Grafana, Jenkins, GitLab CI, Docker, AWS, Ansible, Terraform, GitHub Actions

EXPERIENCE
Site Reliability Engineer (SRE) | InnovateSoft (2018 - Present)
- Designed and automated CI/CD pipelines using GitHub Actions, reducing deployment time from 1 hour to 10 minutes.
- Performing capacity planning and optimizing cluster resources to lower infrastructure spending.
- Configuring secure system firewalls, VPNs, and IAM policies inside AWS infrastructure.

EDUCATION
Bachelor of Engineering
Institute of Science & Tech (2012)",DevOps Engineer
"Michael Martin
DevOps Engineer | Email: michael.martin@example.com | Phone: +1-555-884-6119

SUMMARY
A highly collaborative DevOps Engineer with 4+ years of experience in the software industry, specialized in managing container orchestration infrastructure and delivering high-quality business value.

SKILLS
GitLab CI, GitHub Actions, Bash, Linux, Terraform, AWS

EXPERIENCE
DevOps Engineer | InnovateSoft (2020 - Present)
- Managed production Kubernetes clusters (EKS) hosting 50+ microservices with zero downtime.
- Collaborating with development teams to debug deployment issues and network configurations.
- Configuring secure system firewalls, VPNs, and IAM policies inside AWS infrastructure.

EDUCATION
Bachelor of Science in Computer Science
Western Engineering College (2020)",DevOps Engineer
"Melissa Brown
Site Reliability Engineer (SRE) | Email: melissa.brown@example.com | Phone: +1-555-311-9888

SUMMARY
A highly collaborative Site Reliability Engineer (SRE) with 5+ years of experience in the software industry, specialized in implementing infrastructure as code and delivering high-quality business value.

SKILLS
CI/CD, GitHub Actions, Prometheus, GitLab CI, Jenkins, Kubernetes, Linux, Bash

EXPERIENCE
Site Reliability Engineer (SRE) | Apex Global (2022 - Present)
- Designed and automated CI/CD pipelines using GitHub Actions, reducing deployment time from 1 hour to 10 minutes.
- Configuring secure system firewalls, VPNs, and IAM policies inside AWS infrastructure.
- Performing capacity planning and optimizing cluster resources to lower infrastructure spending.

EDUCATION
MS in Software Engineering
National Science University (2012)",DevOps Engineer
"Michael Taylor
Site Reliability Engineer (SRE) | Email: michael.taylor@example.com | Phone: +1-555-155-2410

SUMMARY
A experienced Site Reliability Engineer (SRE) with 6+ years of experience in the software industry, specialized in managing container orchestration infrastructure and delivering high-quality business value.

SKILLS
Terraform, GitHub Actions, CI/CD, GitLab CI, Linux, Kubernetes, Ansible, Prometheus

EXPERIENCE
DevOps Engineer | NexGen Enterprises (2019 - Present)
- Configured alerts and monitoring dashboards in Grafana, decreasing incident response times by 35%.
- Configuring secure system firewalls, VPNs, and IAM policies inside AWS infrastructure.
- Collaborating with development teams to debug deployment issues and network configurations.

EDUCATION
Bachelor of Engineering
National Science University (2019)",DevOps Engineer
"Jennifer Garcia
Platform Engineer | Email: jennifer.garcia@example.com | Phone: +1-555-329-3354

SUMMARY
A highly collaborative Platform Engineer with 6+ years of experience in the software industry, specialized in implementing infrastructure as code and delivering high-quality business value.

SKILLS
Bash, Grafana, Terraform, CI/CD, AWS, Linux

EXPERIENCE
Site Reliability Engineer (SRE) | TechCorp Solutions (2018 - Present)
- Designed and automated CI/CD pipelines using GitHub Actions, reducing deployment time from 1 hour to 10 minutes.
- Collaborating with development teams to debug deployment issues and network configurations.
- Performing capacity planning and optimizing cluster resources to lower infrastructure spending.

EDUCATION
MS in Software Engineering
State University of Technology (2016)",DevOps Engineer
"Emily White
Platform Engineer | Email: emily.white@example.com | Phone: +1-555-688-3087

SUMMARY
A infrastructure-focused Platform Engineer with 3+ years of experience in the software industry, specialized in improving system reliability and delivering high-quality business value.

SKILLS
Linux, Grafana, Kubernetes, GitHub Actions, CI/CD, AWS, GitLab CI

EXPERIENCE
DevOps Engineer | NexGen Enterprises (2021 - Present)
- Managed production Kubernetes clusters (EKS) hosting 50+ microservices with zero downtime.
- Performing capacity planning and optimizing cluster resources to lower infrastructure spending.
- Configuring secure system firewalls, VPNs, and IAM policies inside AWS infrastructure.

EDUCATION
MS in Software Engineering
Institute of Science & Tech (2013)",DevOps Engineer
"Sarah Davis
Site Reliability Engineer (SRE) | Email: sarah.davis@example.com | Phone: +1-555-933-8063

SUMMARY
A highly collaborative Site Reliability Engineer (SRE) with 5+ years of experience in the software industry, specialized in managing container orchestration infrastructure and delivering high-quality business value.

SKILLS
Grafana, Kubernetes, Prometheus, AWS, Bash, CI/CD, Jenkins, GitHub Actions

EXPERIENCE
DevOps Engineer | InnovateSoft (2021 - Present)
- Implemented automated infrastructure provisioning using Terraform across dev, staging, and production environments.
- Collaborating with development teams to debug deployment issues and network configurations.
- Configuring secure system firewalls, VPNs, and IAM policies inside AWS infrastructure.

EDUCATION
Bachelor of Science in Information Systems
Tech University (2018)",DevOps Engineer
"Sarah Moore
DevOps Engineer | Email: sarah.moore@example.com | Phone: +1-555-760-2007

SUMMARY
A efficiency-driven DevOps Engineer with 3+ years of experience in the software industry, specialized in managing container orchestration infrastructure and delivering high-quality business value.

SKILLS
Grafana, Jenkins, AWS, Linux, GitHub Actions, Ansible

EXPERIENCE
Site Reliability Engineer (SRE) | NexGen Enterprises (2022 - Present)
- Managed production Kubernetes clusters (EKS) hosting 50+ microservices with zero downtime.
- Configuring secure system firewalls, VPNs, and IAM policies inside AWS infrastructure.
- Collaborating with development teams to debug deployment issues and network configurations.

EDUCATION
Bachelor of Engineering
Western Engineering College (2016)",DevOps Engineer
"Ashley Anderson
Platform Engineer | Email: ashley.anderson@example.com | Phone: +1-555-191-1133

SUMMARY
A experienced Platform Engineer with 4+ years of experience in the software industry, specialized in managing container orchestration infrastructure and delivering high-quality business value.

SKILLS
Terraform, Linux, Docker, Grafana, Bash, CI/CD

EXPERIENCE
DevOps Engineer | InnovateSoft (2020 - Present)
- Managed production Kubernetes clusters (EKS) hosting 50+ microservices with zero downtime.
- Collaborating with development teams to debug deployment issues and network configurations.
- Performing capacity planning and optimizing cluster resources to lower infrastructure spending.

EDUCATION
Bachelor of Engineering
National Science University (2018)",DevOps Engineer
"Jessica Taylor
DevOps Engineer | Email: jessica.taylor@example.com | Phone: +1-555-545-9931

SUMMARY
A efficiency-driven DevOps Engineer with 5+ years of experience in the software industry, specialized in improving system reliability and delivering high-quality business value.

SKILLS
Linux, Ansible, Terraform, Bash, Jenkins, GitHub Actions

EXPERIENCE
DevOps Engineer | CloudDynamics (2019 - Present)
- Designed and automated CI/CD pipelines using GitHub Actions, reducing deployment time from 1 hour to 10 minutes.
- Performing capacity planning and optimizing cluster resources to lower infrastructure spending.
- Configuring secure system firewalls, VPNs, and IAM policies inside AWS infrastructure.

EDUCATION
MS in Information Technology
National Science University (2019)",DevOps Engineer
"Ashley Jones
Platform Engineer | Email: ashley.jones@example.com | Phone: +1-555-186-3248

SUMMARY
A experienced Platform Engineer with 6+ years of experience in the software industry, specialized in improving system reliability and delivering high-quality business value.

SKILLS
Jenkins, AWS, Linux, Ansible, Grafana, Bash, GitLab CI, CI/CD

EXPERIENCE
Site Reliability Engineer (SRE) | DataSystems Inc. (2019 - Present)
- Designed and automated CI/CD pipelines using GitHub Actions, reducing deployment time from 1 hour to 10 minutes.
- Performing capacity planning and optimizing cluster resources to lower infrastructure spending.
- Collaborating with development teams to debug deployment issues and network configurations.

EDUCATION
MS in Information Technology
National Science University (2020)",DevOps Engineer
"Thomas Thomas
DevOps Engineer | Email: thomas.thomas@example.com | Phone: +1-555-659-7012

SUMMARY
A infrastructure-focused DevOps Engineer with 4+ years of experience in the software industry, specialized in improving system reliability and delivering high-quality business value.

SKILLS
Prometheus, AWS, Kubernetes, Jenkins, Linux, GitHub Actions

EXPERIENCE
DevOps Engineer | Alpha Consulting (2022 - Present)
- Designed and automated CI/CD pipelines using GitHub Actions, reducing deployment time from 1 hour to 10 minutes.
- Configuring secure system firewalls, VPNs, and IAM policies inside AWS infrastructure.
- Collaborating with development teams to debug deployment issues and network configurations.

EDUCATION
Bachelor of Science in Computer Science
National Science University (2020)",DevOps Engineer
"Nicole Wilson
Site Reliability Engineer (SRE) | Email: nicole.wilson@example.com | Phone: +1-555-727-1864

SUMMARY
A infrastructure-focused Site Reliability Engineer (SRE) with 6+ years of experience in the software industry, specialized in improving system reliability and delivering high-quality business value.

SKILLS
AWS, Prometheus, Terraform, Ansible, Grafana, GitHub Actions, Jenkins, Kubernetes

EXPERIENCE
Platform Engineer | TechCorp Solutions (2022 - Present)
- Implemented automated infrastructure provisioning using Terraform across dev, staging, and production environments.
- Performing capacity planning and optimizing cluster resources to lower infrastructure spending.
- Collaborating with development teams to debug deployment issues and network configurations.

EDUCATION
Bachelor of Science in Computer Science
National Science University (2019)",DevOps Engineer
"Nicole Miller
Platform Engineer | Email: nicole.miller@example.com | Phone: +1-555-686-1845

SUMMARY
A highly collaborative Platform Engineer with 4+ years of experience in the software industry, specialized in automating CI/CD integration and delivering high-quality business value.

SKILLS
Kubernetes, Jenkins, Linux, CI/CD, GitHub Actions, Grafana, Prometheus

EXPERIENCE
Site Reliability Engineer (SRE) | NexGen Enterprises (2020 - Present)
- Implemented automated infrastructure provisioning using Terraform across dev, staging, and production environments.
- Configuring secure system firewalls, VPNs, and IAM policies inside AWS infrastructure.
- Performing capacity planning and optimizing cluster resources to lower infrastructure spending.

EDUCATION
Bachelor of Science in Information Systems
State University of Technology (2014)",DevOps Engineer
"Amanda Anderson
Site Reliability Engineer (SRE) | Email: amanda.anderson@example.com | Phone: +1-555-927-3873

SUMMARY
A efficiency-driven Site Reliability Engineer (SRE) with 5+ years of experience in the software industry, specialized in improving system reliability and delivering high-quality business value.

SKILLS
Docker, Terraform, Kubernetes, Jenkins, Prometheus, AWS, Ansible, GitLab CI

EXPERIENCE
Platform Engineer | SecureNet Solutions (2019 - Present)
- Configured alerts and monitoring dashboards in Grafana, decreasing incident response times by 35%.
- Performing capacity planning and optimizing cluster resources to lower infrastructure spending.
- Configuring secure system firewalls, VPNs, and IAM policies inside AWS infrastructure.

EDUCATION
MS in Information Technology
Western Engineering College (2017)",DevOps Engineer
"John Rodriguez
DevOps Engineer | Email: john.rodriguez@example.com | Phone: +1-555-873-2900

SUMMARY
A efficiency-driven DevOps Engineer with 6+ years of experience in the software industry, specialized in improving system reliability and delivering high-quality business value.

SKILLS
GitHub Actions, AWS, Linux, GitLab CI, Ansible, Grafana, Prometheus

EXPERIENCE
Platform Engineer | WebFlow Digital (2019 - Present)
- Configured alerts and monitoring dashboards in Grafana, decreasing incident response times by 35%.
- Configuring secure system firewalls, VPNs, and IAM policies inside AWS infrastructure.
- Collaborating with development teams to debug deployment issues and network configurations.

EDUCATION
MS in Software Engineering
Institute of Science & Tech (2017)",DevOps Engineer
"Melissa Johnson
Platform Engineer | Email: melissa.johnson@example.com | Phone: +1-555-199-9704

SUMMARY
A highly collaborative Platform Engineer with 4+ years of experience in the software industry, specialized in improving system reliability and delivering high-quality business value.

SKILLS
GitHub Actions, CI/CD, Kubernetes, Bash, Ansible, AWS, Linux

EXPERIENCE
DevOps Engineer | DataSystems Inc. (2022 - Present)
- Implemented automated infrastructure provisioning using Terraform across dev, staging, and production environments.
- Performing capacity planning and optimizing cluster resources to lower infrastructure spending.
- Configuring secure system firewalls, VPNs, and IAM policies inside AWS infrastructure.

EDUCATION
Bachelor of Engineering
Western Engineering College (2012)",DevOps Engineer
"James Williams
DevOps Engineer | Email: james.williams@example.com | Phone: +1-555-112-7737

SUMMARY
A infrastructure-focused DevOps Engineer with 4+ years of experience in the software industry, specialized in improving system reliability and delivering high-quality business value.

SKILLS
Bash, GitHub Actions, CI/CD, GitLab CI, Docker, Linux

EXPERIENCE
DevOps Engineer | NexGen Enterprises (2018 - Present)
- Managed production Kubernetes clusters (EKS) hosting 50+ microservices with zero downtime.
- Performing capacity planning and optimizing cluster resources to lower infrastructure spending.
- Configuring secure system firewalls, VPNs, and IAM policies inside AWS infrastructure.

EDUCATION
Bachelor of Science in Computer Science
Tech University (2014)",DevOps Engineer
"Jessica Thompson
DevOps Engineer | Email: jessica.thompson@example.com | Phone: +1-555-922-4027

SUMMARY
A efficiency-driven DevOps Engineer with 4+ years of experience in the software industry, specialized in implementing infrastructure as code and delivering high-quality business value.

SKILLS
Grafana, Kubernetes, CI/CD, AWS, GitHub Actions, Ansible, Terraform

EXPERIENCE
DevOps Engineer | Apex Global (2020 - Present)
- Designed and automated CI/CD pipelines using GitHub Actions, reducing deployment time from 1 hour to 10 minutes.
- Collaborating with development teams to debug deployment issues and network configurations.
- Configuring secure system firewalls, VPNs, and IAM policies inside AWS infrastructure.

EDUCATION
MS in Software Engineering
Institute of Science & Tech (2017)",DevOps Engineer
"John Rodriguez
DevOps Engineer | Email: john.rodriguez@example.com | Phone: +1-555-932-5336

SUMMARY
A experienced DevOps Engineer with 6+ years of experience in the software industry, specialized in automating CI/CD integration and delivering high-quality business value.

SKILLS
Prometheus, Ansible, Jenkins, AWS, Kubernetes, Grafana

EXPERIENCE
DevOps Engineer | ByteWise Technologies (2021 - Present)
- Designed and automated CI/CD pipelines using GitHub Actions, reducing deployment time from 1 hour to 10 minutes.
- Collaborating with development teams to debug deployment issues and network configurations.
- Performing capacity planning and optimizing cluster resources to lower infrastructure spending.

EDUCATION
Bachelor of Science in Computer Science
Tech University (2013)",DevOps Engineer
"Robert Thompson
Site Reliability Engineer (SRE) | Email: robert.thompson@example.com | Phone: +1-555-845-5105

SUMMARY
A infrastructure-focused Site Reliability Engineer (SRE) with 5+ years of experience in the software industry, specialized in improving system reliability and delivering high-quality business value.

SKILLS
Grafana, Docker, Bash, Ansible, GitHub Actions, Jenkins, Terraform, AWS

EXPERIENCE
DevOps Engineer | SecureNet Solutions (2022 - Present)
- Configured alerts and monitoring dashboards in Grafana, decreasing incident response times by 35%.
- Collaborating with development teams to debug deployment issues and network configurations.
- Performing capacity planning and optimizing cluster resources to lower infrastructure spending.

EDUCATION
MS in Software Engineering
National Science University (2013)",DevOps Engineer
"Stephanie Garcia
Platform Engineer | Email: stephanie.garcia@example.com | Phone: +1-555-103-7298

SUMMARY
A experienced Platform Engineer with 4+ years of experience in the software industry, specialized in automating CI/CD integration and delivering high-quality business value.

SKILLS
Grafana, GitHub Actions, Ansible, Docker, Kubernetes, Terraform, Bash

EXPERIENCE
Site Reliability Engineer (SRE) | Apex Global (2018 - Present)
- Implemented automated infrastructure provisioning using Terraform across dev, staging, and production environments.
- Performing capacity planning and optimizing cluster resources to lower infrastructure spending.
- Configuring secure system firewalls, VPNs, and IAM policies inside AWS infrastructure.

EDUCATION
MS in Information Technology
Western Engineering College (2012)",DevOps Engineer
"Jessica Davis
DevOps Engineer | Email: jessica.davis@example.com | Phone: +1-555-406-7391

SUMMARY
A highly collaborative DevOps Engineer with 3+ years of experience in the software industry, specialized in improving system reliability and delivering high-quality business value.

SKILLS
AWS, Bash, GitLab CI, Jenkins, Docker, Grafana, Linux, Terraform

EXPERIENCE
Site Reliability Engineer (SRE) | NexGen Enterprises (2019 - Present)
- Configured alerts and monitoring dashboards in Grafana, decreasing incident response times by 35%.
- Configuring secure system firewalls, VPNs, and IAM policies inside AWS infrastructure.
- Collaborating with development teams to debug deployment issues and network configurations.

EDUCATION
MS in Software Engineering
Western Engineering College (2019)",DevOps Engineer
"James Johnson
Site Reliability Engineer (SRE) | Email: james.johnson@example.com | Phone: +1-555-447-1918

SUMMARY
A infrastructure-focused Site Reliability Engineer (SRE) with 3+ years of experience in the software industry, specialized in improving system reliability and delivering high-quality business value.

SKILLS
CI/CD, Grafana, Bash, Linux, AWS, Jenkins

EXPERIENCE
DevOps Engineer | NexGen Enterprises (2019 - Present)
- Designed and automated CI/CD pipelines using GitHub Actions, reducing deployment time from 1 hour to 10 minutes.
- Performing capacity planning and optimizing cluster resources to lower infrastructure spending.
- Configuring secure system firewalls, VPNs, and IAM policies inside AWS infrastructure.

EDUCATION
MS in Software Engineering
National Science University (2012)",DevOps Engineer
"Jennifer White
Platform Engineer | Email: jennifer.white@example.com | Phone: +1-555-146-4976

SUMMARY
A efficiency-driven Platform Engineer with 5+ years of experience in the software industry, specialized in automating CI/CD integration and delivering high-quality business value.

SKILLS
Docker, GitHub Actions, Kubernetes, AWS, Jenkins, Grafana, Ansible, CI/CD

EXPERIENCE
Platform Engineer | InnovateSoft (2021 - Present)
- Managed production Kubernetes clusters (EKS) hosting 50+ microservices with zero downtime.
- Configuring secure system firewalls, VPNs, and IAM policies inside AWS infrastructure.
- Performing capacity planning and optimizing cluster resources to lower infrastructure spending.

EDUCATION
MS in Software Engineering
Metropolitan University (2018)",DevOps Engineer
"Sarah Brown
DevOps Engineer | Email: sarah.brown@example.com | Phone: +1-555-800-9943

SUMMARY
A highly collaborative DevOps Engineer with 3+ years of experience in the software industry, specialized in managing container orchestration infrastructure and delivering high-quality business value.

SKILLS
Jenkins, Terraform, Kubernetes, Grafana, GitHub Actions, CI/CD, Ansible, GitLab CI

EXPERIENCE
Platform Engineer | CloudDynamics (2020 - Present)
- Managed production Kubernetes clusters (EKS) hosting 50+ microservices with zero downtime.
- Collaborating with development teams to debug deployment issues and network configurations.
- Configuring secure system firewalls, VPNs, and IAM policies inside AWS infrastructure.

EDUCATION
Bachelor of Science in Information Systems
Tech University (2014)",DevOps Engineer
"Michael White
DevOps Engineer | Email: michael.white@example.com | Phone: +1-555-485-3584

SUMMARY
A experienced DevOps Engineer with 3+ years of experience in the software industry, specialized in automating CI/CD integration and delivering high-quality business value.

SKILLS
Jenkins, Kubernetes, Grafana, Prometheus, GitHub Actions, Ansible

EXPERIENCE
DevOps Engineer | Alpha Consulting (2019 - Present)
- Managed production Kubernetes clusters (EKS) hosting 50+ microservices with zero downtime.
- Performing capacity planning and optimizing cluster resources to lower infrastructure spending.
- Collaborating with development teams to debug deployment issues and network configurations.

EDUCATION
Bachelor of Science in Information Systems
Institute of Science & Tech (2018)",DevOps Engineer
"Joseph Miller
UI / React Web Developer | Email: joseph.miller@example.com | Phone: +1-555-725-1616

SUMMARY
A UI-focused UI / React Web Developer with 3+ years of experience in the software industry, specialized in optimizing web asset loading speed and delivering high-quality business value.

SKILLS
Git, CSS3, JavaScript, TypeScript, React, HTML5, Angular, SASS

EXPERIENCE
UI / React Web Developer | ByteWise Technologies (2018 - Present)
- Optimized frontend build configurations and code-splitting, improving initial page load time by 1.5 seconds.
- Conducting accessibility audits to ensure compliance with Web Content Accessibility Guidelines (WCAG).
- Collaborating closely with designers to convert wireframes into functional web pages.

EDUCATION
MS in Software Engineering
National Science University (2015)",Frontend Developer
"Thomas Johnson
Frontend Developer | Email: thomas.johnson@example.com | Phone: +1-555-298-2846

SUMMARY
A skilled Frontend Developer with 5+ years of experience in the software industry, specialized in optimizing web asset loading speed and delivering high-quality business value.

SKILLS
Vite, React, Responsive Design, JavaScript, CSS3, HTML5

EXPERIENCE
Senior Frontend Engineer | SecureNet Solutions (2020 - Present)
- Designed and maintained a shared reusable UI component library, streamlining developer workflow.
- Collaborating closely with designers to convert wireframes into functional web pages.
- Conducting accessibility audits to ensure compliance with Web Content Accessibility Guidelines (WCAG).

EDUCATION
Bachelor of Science in Computer Science
Western Engineering College (2014)",Frontend Developer
"David Smith
Frontend Developer | Email: david.smith@example.com | Phone: +1-555-596-9436

SUMMARY
A creatively minded Frontend Developer with 6+ years of experience in the software industry, specialized in building interactive user interfaces and delivering high-quality business value.

SKILLS
Webpack, JavaScript, TypeScript, HTML5, Responsive Design, Git, Vite, React

EXPERIENCE
Frontend Developer | Apex Global (2019 - Present)
- Migrated legacy frontend components to TypeScript, reducing interface-related runtime bugs by 45%.
- Conducting accessibility audits to ensure compliance with Web Content Accessibility Guidelines (WCAG).
- Connecting frontend state with RESTful API endpoints and handling error boundary states.

EDUCATION
MS in Information Technology
Institute of Science & Tech (2015)",Frontend Developer
"Robert Moore
Frontend Developer | Email: robert.moore@example.com | Phone: +1-555-699-8936

SUMMARY
A skilled Frontend Developer with 5+ years of experience in the software industry, specialized in building interactive user interfaces and delivering high-quality business value.

SKILLS
Redux, Vue.js, TypeScript, JavaScript, Responsive Design, Git, Webpack, Angular

EXPERIENCE
Frontend Developer | Apex Global (2020 - Present)
- Optimized frontend build configurations and code-splitting, improving initial page load time by 1.5 seconds.
- Collaborating closely with designers to convert wireframes into functional web pages.
- Conducting accessibility audits to ensure compliance with Web Content Accessibility Guidelines (WCAG).

EDUCATION
Bachelor of Science in Information Systems
Tech University (2016)",Frontend Developer
"William Brown
Senior Frontend Engineer | Email: william.brown@example.com | Phone: +1-555-972-8627

SUMMARY
A skilled Senior Frontend Engineer with 4+ years of experience in the software industry, specialized in building interactive user interfaces and delivering high-quality business value.

SKILLS
CSS3, Webpack, Vue.js, Responsive Design, Vite, HTML5

EXPERIENCE
UI / React Web Developer | InnovateSoft (2021 - Present)
- Designed and maintained a shared reusable UI component library, streamlining developer workflow.
- Collaborating closely with designers to convert wireframes into functional web pages.
- Connecting frontend state with RESTful API endpoints and handling error boundary states.

EDUCATION
MS in Software Engineering
Metropolitan University (2012)",Frontend Developer
"Ashley Garcia
Senior Frontend Engineer | Email: ashley.garcia@example.com | Phone: +1-555-353-6362

SUMMARY
A UI-focused Senior Frontend Engineer with 3+ years of experience in the software industry, specialized in building interactive user interfaces and delivering high-quality business value.

SKILLS
React, Git, Redux, SASS, Responsive Design, TypeScript, CSS3

EXPERIENCE
UI / React Web Developer | SecureNet Solutions (2021 - Present)
- Developed a modern, responsive web application dashboard using React and Tailwind CSS, increasing user engagement.
- Connecting frontend state with RESTful API endpoints and handling error boundary states.
- Conducting accessibility audits to ensure compliance with Web Content Accessibility Guidelines (WCAG).

EDUCATION
MS in Information Technology
Tech University (2020)",Frontend Developer
"James Thomas
Senior Frontend Engineer | Email: james.thomas@example.com | Phone: +1-555-323-3174

SUMMARY
A highly detail-oriented Senior Frontend Engineer with 3+ years of experience in the software industry, specialized in building interactive user interfaces and delivering high-quality business value.

SKILLS
Redux, Vite, CSS3, Vue.js, Git, React

EXPERIENCE
Frontend Developer | Alpha Consulting (2021 - Present)
- Designed and maintained a shared reusable UI component library, streamlining developer workflow.
- Collaborating closely with designers to convert wireframes into functional web pages.
- Connecting frontend state with RESTful API endpoints and handling error boundary states.

EDUCATION
MS in Software Engineering
National Science University (2012)",Frontend Developer
"Robert Taylor
UI / React Web Developer | Email: robert.taylor@example.com | Phone: +1-555-807-6454

SUMMARY
A creatively minded UI / React Web Developer with 6+ years of experience in the software industry, specialized in ensuring cross-browser compatibility and delivering high-quality business value.

SKILLS
Responsive Design, Webpack, SASS, Git, HTML5, Angular, CSS3

EXPERIENCE
UI / React Web Developer | Apex Global (2018 - Present)
- Optimized frontend build configurations and code-splitting, improving initial page load time by 1.5 seconds.
- Collaborating closely with designers to convert wireframes into functional web pages.
- Conducting accessibility audits to ensure compliance with Web Content Accessibility Guidelines (WCAG).

EDUCATION
MS in Software Engineering
Metropolitan University (2019)",Frontend Developer
"Heather Johnson
Frontend Developer | Email: heather.johnson@example.com | Phone: +1-555-474-7003

SUMMARY
A creatively minded Frontend Developer with 5+ years of experience in the software industry, specialized in building interactive user interfaces and delivering high-quality business value.

SKILLS
HTML5, SASS, Angular, Redux, Git, Responsive Design, Vue.js

EXPERIENCE
UI / React Web Developer | Apex Global (2020 - Present)
- Designed and maintained a shared reusable UI component library, streamlining developer workflow.
- Connecting frontend state with RESTful API endpoints and handling error boundary states.
- Collaborating closely with designers to convert wireframes into functional web pages.

EDUCATION
Bachelor of Science in Computer Science
Metropolitan University (2017)",Frontend Developer
"Amanda Moore
Frontend Developer | Email: amanda.moore@example.com | Phone: +1-555-613-9629

SUMMARY
A skilled Frontend Developer with 6+ years of experience in the software industry, specialized in ensuring cross-browser compatibility and delivering high-quality business value.

SKILLS
JavaScript, Vite, Angular, HTML5, Redux, Responsive Design, React, Webpack

EXPERIENCE
Frontend Developer | CloudDynamics (2020 - Present)
- Developed a modern, responsive web application dashboard using React and Tailwind CSS, increasing user engagement.
- Collaborating closely with designers to convert wireframes into functional web pages.
- Connecting frontend state with RESTful API endpoints and handling error boundary states.

EDUCATION
Bachelor of Science in Computer Science
National Science University (2014)",Frontend Developer
"Jennifer Jones
UI / React Web Developer | Email: jennifer.jones@example.com | Phone: +1-555-995-4346

SUMMARY
A creatively minded UI / React Web Developer with 6+ years of experience in the software industry, specialized in ensuring cross-browser compatibility and delivering high-quality business value.

SKILLS
SASS, Vue.js, Redux, JavaScript, TypeScript, Vite, Webpack, Git

EXPERIENCE
Frontend Developer | TechCorp Solutions (2020 - Present)
- Developed a modern, responsive web application dashboard using React and Tailwind CSS, increasing user engagement.
- Collaborating closely with designers to convert wireframes into functional web pages.
- Conducting accessibility audits to ensure compliance with Web Content Accessibility Guidelines (WCAG).

EDUCATION
Bachelor of Science in Information Systems
National Science University (2017)",Frontend Developer
"Ashley Thompson
Senior Frontend Engineer | Email: ashley.thompson@example.com | Phone: +1-555-451-6346

SUMMARY
A skilled Senior Frontend Engineer with 4+ years of experience in the software industry, specialized in optimizing web asset loading speed and delivering high-quality business value.

SKILLS
Vue.js, CSS3, Git, Responsive Design, HTML5, Redux, Vite, TypeScript

EXPERIENCE
Senior Frontend Engineer | TechCorp Solutions (2019 - Present)
- Optimized frontend build configurations and code-splitting, improving initial page load time by 1.5 seconds.
- Connecting frontend state with RESTful API endpoints and handling error boundary states.
- Collaborating closely with designers to convert wireframes into functional web pages.

EDUCATION
Bachelor of Science in Information Systems
State University of Technology (2020)",Frontend Developer
"Charles Miller
Frontend Developer | Email: charles.miller@example.com | Phone: +1-555-279-3514

SUMMARY
A UI-focused Frontend Developer with 3+ years of experience in the software industry, specialized in developing responsive single-page web applications and delivering high-quality business value.

SKILLS
Webpack, Vue.js, Redux, CSS3, JavaScript, Responsive Design, Angular

EXPERIENCE
UI / React Web Developer | ByteWise Technologies (2018 - Present)
- Optimized frontend build configurations and code-splitting, improving initial page load time by 1.5 seconds.
- Connecting frontend state with RESTful API endpoints and handling error boundary states.
- Collaborating closely with designers to convert wireframes into functional web pages.

EDUCATION
Bachelor of Engineering
Institute of Science & Tech (2020)",Frontend Developer
"David Jackson
Frontend Developer | Email: david.jackson@example.com | Phone: +1-555-408-2990

SUMMARY
A skilled Frontend Developer with 5+ years of experience in the software industry, specialized in optimizing web asset loading speed and delivering high-quality business value.

SKILLS
JavaScript, Vue.js, React, SASS, Webpack, Git, Redux

EXPERIENCE
Senior Frontend Engineer | WebFlow Digital (2021 - Present)
- Migrated legacy frontend components to TypeScript, reducing interface-related runtime bugs by 45%.
- Conducting accessibility audits to ensure compliance with Web Content Accessibility Guidelines (WCAG).
- Connecting frontend state with RESTful API endpoints and handling error boundary states.

EDUCATION
Bachelor of Engineering
National Science University (2013)",Frontend Developer
"Jennifer Johnson
Senior Frontend Engineer | Email: jennifer.johnson@example.com | Phone: +1-555-242-2914

SUMMARY
A creatively minded Senior Frontend Engineer with 5+ years of experience in the software industry, specialized in optimizing web asset loading speed and delivering high-quality business value.

SKILLS
JavaScript, Angular, Git, React, HTML5, SASS, TypeScript

EXPERIENCE
Frontend Developer | WebFlow Digital (2019 - Present)
- Developed a modern, responsive web application dashboard using React and Tailwind CSS, increasing user engagement.
- Conducting accessibility audits to ensure compliance with Web Content Accessibility Guidelines (WCAG).
- Connecting frontend state with RESTful API endpoints and handling error boundary states.

EDUCATION
Bachelor of Science in Computer Science
Western Engineering College (2018)",Frontend Developer
"Richard Moore
Frontend Developer | Email: richard.moore@example.com | Phone: +1-555-425-9381

SUMMARY
A highly detail-oriented Frontend Developer with 5+ years of experience in the software industry, specialized in optimizing web asset loading speed and delivering high-quality business value.

SKILLS
TypeScript, JavaScript, Git, Responsive Design, React, CSS3, Vue.js, Vite

EXPERIENCE
UI / React Web Developer | WebFlow Digital (2021 - Present)
- Developed a modern, responsive web application dashboard using React and Tailwind CSS, increasing user engagement.
- Collaborating closely with designers to convert wireframes into functional web pages.
- Connecting frontend state with RESTful API endpoints and handling error boundary states.

EDUCATION
MS in Software Engineering
Institute of Science & Tech (2016)",Frontend Developer
"David Thomas
Frontend Developer | Email: david.thomas@example.com | Phone: +1-555-846-7786

SUMMARY
A creatively minded Frontend Developer with 5+ years of experience in the software industry, specialized in building interactive user interfaces and delivering high-quality business value.

SKILLS
Redux, SASS, JavaScript, Angular, TypeScript, Webpack, React

EXPERIENCE
Senior Frontend Engineer | SecureNet Solutions (2020 - Present)
- Migrated legacy frontend components to TypeScript, reducing interface-related runtime bugs by 45%.
- Conducting accessibility audits to ensure compliance with Web Content Accessibility Guidelines (WCAG).
- Connecting frontend state with RESTful API endpoints and handling error boundary states.

EDUCATION
Bachelor of Science in Information Systems
State University of Technology (2015)",Frontend Developer
"David Taylor
Frontend Developer | Email: david.taylor@example.com | Phone: +1-555-396-9037

SUMMARY
A highly detail-oriented Frontend Developer with 6+ years of experience in the software industry, specialized in ensuring cross-browser compatibility and delivering high-quality business value.

SKILLS
Responsive Design, Redux, HTML5, React, Webpack, Vue.js, Git, TypeScript

EXPERIENCE
UI / React Web Developer | Alpha Consulting (2018 - Present)
- Optimized frontend build configurations and code-splitting, improving initial page load time by 1.5 seconds.
- Connecting frontend state with RESTful API endpoints and handling error boundary states.
- Collaborating closely with designers to convert wireframes into functional web pages.

EDUCATION
MS in Software Engineering
National Science University (2015)",Frontend Developer
"James Brown
Senior Frontend Engineer | Email: james.brown@example.com | Phone: +1-555-883-5541

SUMMARY
A creatively minded Senior Frontend Engineer with 6+ years of experience in the software industry, specialized in ensuring cross-browser compatibility and delivering high-quality business value.

SKILLS
TypeScript, CSS3, Vite, Redux, Angular, JavaScript, Responsive Design, Webpack

EXPERIENCE
Senior Frontend Engineer | NexGen Enterprises (2018 - Present)
- Migrated legacy frontend components to TypeScript, reducing interface-related runtime bugs by 45%.
- Conducting accessibility audits to ensure compliance with Web Content Accessibility Guidelines (WCAG).
- Collaborating closely with designers to convert wireframes into functional web pages.

EDUCATION
MS in Information Technology
Metropolitan University (2019)",Frontend Developer
"William Anderson
Senior Frontend Engineer | Email: william.anderson@example.com | Phone: +1-555-267-1866

SUMMARY
A highly detail-oriented Senior Frontend Engineer with 4+ years of experience in the software industry, specialized in optimizing web asset loading speed and delivering high-quality business value.

SKILLS
CSS3, Git, SASS, Angular, Vite, HTML5

EXPERIENCE
UI / React Web Developer | CloudDynamics (2018 - Present)
- Migrated legacy frontend components to TypeScript, reducing interface-related runtime bugs by 45%.
- Conducting accessibility audits to ensure compliance with Web Content Accessibility Guidelines (WCAG).
- Connecting frontend state with RESTful API endpoints and handling error boundary states.

EDUCATION
Bachelor of Engineering
National Science University (2016)",Frontend Developer
"Thomas Anderson
UI / React Web Developer | Email: thomas.anderson@example.com | Phone: +1-555-198-9755

SUMMARY
A highly detail-oriented UI / React Web Developer with 3+ years of experience in the software industry, specialized in building interactive user interfaces and delivering high-quality business value.

SKILLS
SASS, CSS3, JavaScript, Redux, TypeScript, Vite

EXPERIENCE
Frontend Developer | CloudDynamics (2018 - Present)
- Migrated legacy frontend components to TypeScript, reducing interface-related runtime bugs by 45%.
- Conducting accessibility audits to ensure compliance with Web Content Accessibility Guidelines (WCAG).
- Collaborating closely with designers to convert wireframes into functional web pages.

EDUCATION
MS in Information Technology
Western Engineering College (2020)",Frontend Developer
"Stephanie Jackson
Senior Frontend Engineer | Email: stephanie.jackson@example.com | Phone: +1-555-819-2867

SUMMARY
A skilled Senior Frontend Engineer with 3+ years of experience in the software industry, specialized in developing responsive single-page web applications and delivering high-quality business value.

SKILLS
React, Redux, JavaScript, CSS3, Vite, Vue.js

EXPERIENCE
UI / React Web Developer | Alpha Consulting (2022 - Present)
- Optimized frontend build configurations and code-splitting, improving initial page load time by 1.5 seconds.
- Collaborating closely with designers to convert wireframes into functional web pages.
- Connecting frontend state with RESTful API endpoints and handling error boundary states.

EDUCATION
Bachelor of Science in Computer Science
National Science University (2013)",Frontend Developer
"Joseph Jones
UI / React Web Developer | Email: joseph.jones@example.com | Phone: +1-555-977-3332

SUMMARY
A UI-focused UI / React Web Developer with 5+ years of experience in the software industry, specialized in ensuring cross-browser compatibility and delivering high-quality business value.

SKILLS
Vue.js, Angular, TypeScript, Responsive Design, Webpack, React

EXPERIENCE
Frontend Developer | Alpha Consulting (2021 - Present)
- Migrated legacy frontend components to TypeScript, reducing interface-related runtime bugs by 45%.
- Collaborating closely with designers to convert wireframes into functional web pages.
- Conducting accessibility audits to ensure compliance with Web Content Accessibility Guidelines (WCAG).

EDUCATION
Bachelor of Science in Information Systems
Western Engineering College (2012)",Frontend Developer
"Jennifer Brown
Frontend Developer | Email: jennifer.brown@example.com | Phone: +1-555-359-1709

SUMMARY
A highly detail-oriented Frontend Developer with 3+ years of experience in the software industry, specialized in developing responsive single-page web applications and delivering high-quality business value.

SKILLS
Webpack, HTML5, Git, Responsive Design, Vue.js, JavaScript

EXPERIENCE
Frontend Developer | TechCorp Solutions (2018 - Present)
- Optimized frontend build configurations and code-splitting, improving initial page load time by 1.5 seconds.
- Conducting accessibility audits to ensure compliance with Web Content Accessibility Guidelines (WCAG).
- Connecting frontend state with RESTful API endpoints and handling error boundary states.

EDUCATION
Bachelor of Engineering
State University of Technology (2020)",Frontend Developer
"Heather Garcia
Frontend Developer | Email: heather.garcia@example.com | Phone: +1-555-617-2119

SUMMARY
A creatively minded Frontend Developer with 5+ years of experience in the software industry, specialized in building interactive user interfaces and delivering high-quality business value.

SKILLS
Vue.js, SASS, React, Angular, HTML5, Redux, Git

EXPERIENCE
Senior Frontend Engineer | NexGen Enterprises (2019 - Present)
- Developed a modern, responsive web application dashboard using React and Tailwind CSS, increasing user engagement.
- Collaborating closely with designers to convert wireframes into functional web pages.
- Connecting frontend state with RESTful API endpoints and handling error boundary states.

EDUCATION
MS in Software Engineering
Institute of Science & Tech (2015)",Frontend Developer
"Melissa Garcia
Senior Frontend Engineer | Email: melissa.garcia@example.com | Phone: +1-555-517-2848

SUMMARY
A creatively minded Senior Frontend Engineer with 3+ years of experience in the software industry, specialized in optimizing web asset loading speed and delivering high-quality business value.

SKILLS
Vue.js, Redux, JavaScript, CSS3, SASS, React, Responsive Design, Git

EXPERIENCE
Senior Frontend Engineer | Alpha Consulting (2018 - Present)
- Optimized frontend build configurations and code-splitting, improving initial page load time by 1.5 seconds.
- Connecting frontend state with RESTful API endpoints and handling error boundary states.
- Conducting accessibility audits to ensure compliance with Web Content Accessibility Guidelines (WCAG).

EDUCATION
MS in Software Engineering
State University of Technology (2020)",Frontend Developer
"Ashley Wilson
Frontend Developer | Email: ashley.wilson@example.com | Phone: +1-555-975-8011

SUMMARY
A creatively minded Frontend Developer with 4+ years of experience in the software industry, specialized in optimizing web asset loading speed and delivering high-quality business value.

SKILLS
React, Vite, Redux, Angular, TypeScript, Responsive Design

EXPERIENCE
Frontend Developer | ByteWise Technologies (2018 - Present)
- Migrated legacy frontend components to TypeScript, reducing interface-related runtime bugs by 45%.
- Connecting frontend state with RESTful API endpoints and handling error boundary states.
- Conducting accessibility audits to ensure compliance with Web Content Accessibility Guidelines (WCAG).

EDUCATION
Bachelor of Science in Information Systems
Tech University (2014)",Frontend Developer
"Robert Anderson
Frontend Developer | Email: robert.anderson@example.com | Phone: +1-555-303-6548

SUMMARY
A skilled Frontend Developer with 5+ years of experience in the software industry, specialized in developing responsive single-page web applications and delivering high-quality business value.

SKILLS
Responsive Design, Redux, CSS3, Webpack, Vite, TypeScript, Vue.js

EXPERIENCE
Senior Frontend Engineer | Alpha Consulting (2022 - Present)
- Designed and maintained a shared reusable UI component library, streamlining developer workflow.
- Conducting accessibility audits to ensure compliance with Web Content Accessibility Guidelines (WCAG).
- Connecting frontend state with RESTful API endpoints and handling error boundary states.

EDUCATION
MS in Information Technology
Institute of Science & Tech (2013)",Frontend Developer
"Michael Rodriguez
Frontend Developer | Email: michael.rodriguez@example.com | Phone: +1-555-601-9147

SUMMARY
A UI-focused Frontend Developer with 3+ years of experience in the software industry, specialized in developing responsive single-page web applications and delivering high-quality business value.

SKILLS
React, Angular, Redux, Git, Vue.js, TypeScript, CSS3, JavaScript

EXPERIENCE
Senior Frontend Engineer | Apex Global (2019 - Present)
- Developed a modern, responsive web application dashboard using React and Tailwind CSS, increasing user engagement.
- Collaborating closely with designers to convert wireframes into functional web pages.
- Connecting frontend state with RESTful API endpoints and handling error boundary states.

EDUCATION
MS in Software Engineering
State University of Technology (2016)",Frontend Developer
"Jennifer Moore
UI / React Web Developer | Email: jennifer.moore@example.com | Phone: +1-555-616-5287

SUMMARY
A highly detail-oriented UI / React Web Developer with 3+ years of experience in the software industry, specialized in developing responsive single-page web applications and delivering high-quality business value.

SKILLS
Angular, TypeScript, Redux, JavaScript, Responsive Design, Vite, HTML5

EXPERIENCE
Frontend Developer | TechCorp Solutions (2018 - Present)
- Optimized frontend build configurations and code-splitting, improving initial page load time by 1.5 seconds.
- Conducting accessibility audits to ensure compliance with Web Content Accessibility Guidelines (WCAG).
- Collaborating closely with designers to convert wireframes into functional web pages.

EDUCATION
MS in Software Engineering
Institute of Science & Tech (2014)",Frontend Developer
"Charles Taylor
UI / React Web Developer | Email: charles.taylor@example.com | Phone: +1-555-599-2792

SUMMARY
A skilled UI / React Web Developer with 6+ years of experience in the software industry, specialized in optimizing web asset loading speed and delivering high-quality business value.

SKILLS
Vue.js, SASS, React, TypeScript, CSS3, Redux, Responsive Design, HTML5

EXPERIENCE
Senior Frontend Engineer | NexGen Enterprises (2020 - Present)
- Optimized frontend build configurations and code-splitting, improving initial page load time by 1.5 seconds.
- Collaborating closely with designers to convert wireframes into functional web pages.
- Conducting accessibility audits to ensure compliance with Web Content Accessibility Guidelines (WCAG).

EDUCATION
Bachelor of Science in Information Systems
Tech University (2014)",Frontend Developer
"Emily Anderson
UI / React Web Developer | Email: emily.anderson@example.com | Phone: +1-555-928-1440

SUMMARY
A highly detail-oriented UI / React Web Developer with 3+ years of experience in the software industry, specialized in optimizing web asset loading speed and delivering high-quality business value.

SKILLS
JavaScript, Git, TypeScript, Responsive Design, React, HTML5, Angular

EXPERIENCE
UI / React Web Developer | DataSystems Inc. (2020 - Present)
- Developed a modern, responsive web application dashboard using React and Tailwind CSS, increasing user engagement.
- Conducting accessibility audits to ensure compliance with Web Content Accessibility Guidelines (WCAG).
- Collaborating closely with designers to convert wireframes into functional web pages.

EDUCATION
Bachelor of Engineering
Tech University (2017)",Frontend Developer
"David Smith
Frontend Developer | Email: david.smith@example.com | Phone: +1-555-651-6343

SUMMARY
A skilled Frontend Developer with 6+ years of experience in the software industry, specialized in optimizing web asset loading speed and delivering high-quality business value.

SKILLS
React, Responsive Design, Redux, Webpack, Git, JavaScript, HTML5

EXPERIENCE
Senior Frontend Engineer | NexGen Enterprises (2021 - Present)
- Developed a modern, responsive web application dashboard using React and Tailwind CSS, increasing user engagement.
- Connecting frontend state with RESTful API endpoints and handling error boundary states.
- Collaborating closely with designers to convert wireframes into functional web pages.

EDUCATION
MS in Information Technology
Metropolitan University (2019)",Frontend Developer
"Melissa Martinez
Senior Frontend Engineer | Email: melissa.martinez@example.com | Phone: +1-555-270-5907

SUMMARY
A skilled Senior Frontend Engineer with 6+ years of experience in the software industry, specialized in building interactive user interfaces and delivering high-quality business value.

SKILLS
Git, Angular, SASS, HTML5, CSS3, Vite, React, Vue.js

EXPERIENCE
Frontend Developer | NexGen Enterprises (2021 - Present)
- Developed a modern, responsive web application dashboard using React and Tailwind CSS, increasing user engagement.
- Conducting accessibility audits to ensure compliance with Web Content Accessibility Guidelines (WCAG).
- Collaborating closely with designers to convert wireframes into functional web pages.

EDUCATION
Bachelor of Science in Information Systems
Metropolitan University (2016)",Frontend Developer
"Robert Thompson
Senior Frontend Engineer | Email: robert.thompson@example.com | Phone: +1-555-920-9700

SUMMARY
A skilled Senior Frontend Engineer with 4+ years of experience in the software industry, specialized in building interactive user interfaces and delivering high-quality business value.

SKILLS
Vite, CSS3, SASS, Responsive Design, TypeScript, JavaScript

EXPERIENCE
Senior Frontend Engineer | DataSystems Inc. (2021 - Present)
- Optimized frontend build configurations and code-splitting, improving initial page load time by 1.5 seconds.
- Conducting accessibility audits to ensure compliance with Web Content Accessibility Guidelines (WCAG).
- Connecting frontend state with RESTful API endpoints and handling error boundary states.

EDUCATION
Bachelor of Science in Information Systems
State University of Technology (2012)",Frontend Developer
"Melissa Miller
Frontend Developer | Email: melissa.miller@example.com | Phone: +1-555-690-9178

SUMMARY
A skilled Frontend Developer with 6+ years of experience in the software industry, specialized in ensuring cross-browser compatibility and delivering high-quality business value.

SKILLS
Responsive Design, Vite, React, SASS, HTML5, JavaScript, Webpack, Angular

EXPERIENCE
UI / React Web Developer | DataSystems Inc. (2019 - Present)
- Optimized frontend build configurations and code-splitting, improving initial page load time by 1.5 seconds.
- Connecting frontend state with RESTful API endpoints and handling error boundary states.
- Conducting accessibility audits to ensure compliance with Web Content Accessibility Guidelines (WCAG).

EDUCATION
Bachelor of Engineering
Tech University (2015)",Frontend Developer
"Ashley Rodriguez
UI / React Web Developer | Email: ashley.rodriguez@example.com | Phone: +1-555-943-5702

SUMMARY
A UI-focused UI / React Web Developer with 5+ years of experience in the software industry, specialized in ensuring cross-browser compatibility and delivering high-quality business value.

SKILLS
HTML5, Angular, Vue.js, Git, React, Webpack, TypeScript

EXPERIENCE
Senior Frontend Engineer | WebFlow Digital (2021 - Present)
- Designed and maintained a shared reusable UI component library, streamlining developer workflow.
- Connecting frontend state with RESTful API endpoints and handling error boundary states.
- Collaborating closely with designers to convert wireframes into functional web pages.

EDUCATION
MS in Information Technology
State University of Technology (2016)",Frontend Developer
"William Smith
UI / React Web Developer | Email: william.smith@example.com | Phone: +1-555-364-5551

SUMMARY
A UI-focused UI / React Web Developer with 6+ years of experience in the software industry, specialized in developing responsive single-page web applications and delivering high-quality business value.

SKILLS
React, Angular, JavaScript, Webpack, CSS3, Responsive Design

EXPERIENCE
UI / React Web Developer | SecureNet Solutions (2020 - Present)
- Developed a modern, responsive web application dashboard using React and Tailwind CSS, increasing user engagement.
- Connecting frontend state with RESTful API endpoints and handling error boundary states.
- Collaborating closely with designers to convert wireframes into functional web pages.

EDUCATION
MS in Information Technology
Tech University (2020)",Frontend Developer
"Michael Martin
Senior Frontend Engineer | Email: michael.martin@example.com | Phone: +1-555-780-9605

SUMMARY
A skilled Senior Frontend Engineer with 5+ years of experience in the software industry, specialized in developing responsive single-page web applications and delivering high-quality business value.

SKILLS
Angular, JavaScript, Responsive Design, Webpack, TypeScript, HTML5, Redux, Git

EXPERIENCE
Frontend Developer | CloudDynamics (2018 - Present)
- Migrated legacy frontend components to TypeScript, reducing interface-related runtime bugs by 45%.
- Connecting frontend state with RESTful API endpoints and handling error boundary states.
- Conducting accessibility audits to ensure compliance with Web Content Accessibility Guidelines (WCAG).

EDUCATION
MS in Software Engineering
Metropolitan University (2012)",Frontend Developer
"Jennifer Jackson
Senior Frontend Engineer | Email: jennifer.jackson@example.com | Phone: +1-555-483-2850

SUMMARY
A skilled Senior Frontend Engineer with 5+ years of experience in the software industry, specialized in optimizing web asset loading speed and delivering high-quality business value.

SKILLS
Git, Vue.js, JavaScript, Redux, Vite, CSS3, React

EXPERIENCE
UI / React Web Developer | NexGen Enterprises (2018 - Present)
- Developed a modern, responsive web application dashboard using React and Tailwind CSS, increasing user engagement.
- Conducting accessibility audits to ensure compliance with Web Content Accessibility Guidelines (WCAG).
- Collaborating closely with designers to convert wireframes into functional web pages.

EDUCATION
Bachelor of Engineering
Western Engineering College (2018)",Frontend Developer
"Charles Anderson
Software Developer - Java | Email: charles.anderson@example.com | Phone: +1-555-931-2999

SUMMARY
A highly technical Software Developer - Java with 6+ years of experience in the software industry, specialized in developing reliable web APIs and delivering high-quality business value.

SKILLS
Maven, RESTful APIs, Git, Spring Boot, Hibernate, Docker

EXPERIENCE
Senior Java Engineer | DataSystems Inc. (2019 - Present)
- Implemented database pooling and query optimizations, resolving critical system memory issues.
- Deploying compiled jar distributions within secure, isolated Docker containers.
- Reviewing developer code, recommending design patterns, and mentoring junior Java engineers.

EDUCATION
Bachelor of Science in Computer Science
Metropolitan University (2013)",Java Developer
"Jennifer Moore
Senior Java Engineer | Email: jennifer.moore@example.com | Phone: +1-555-854-7765

SUMMARY
A analytical Senior Java Engineer with 5+ years of experience in the software industry, specialized in designing enterprise-level Java applications and delivering high-quality business value.

SKILLS
RESTful APIs, JUnit, Spring Boot, Microservices, Maven, MySQL, Hibernate, Gradle

EXPERIENCE
Software Developer - Java | TechCorp Solutions (2018 - Present)
- Designed and built microservices handling 500+ parallel transactions per second with low latency.
- Deploying compiled jar distributions within secure, isolated Docker containers.
- Reviewing developer code, recommending design patterns, and mentoring junior Java engineers.

EDUCATION
MS in Information Technology
Tech University (2018)",Java Developer
"Richard Wilson
Java Developer | Email: richard.wilson@example.com | Phone: +1-555-421-2347

SUMMARY
A highly technical Java Developer with 5+ years of experience in the software industry, specialized in implementing robust microservices architectures and delivering high-quality business value.

SKILLS
Docker, Maven, Microservices, Gradle, MySQL, Spring Cloud, JUnit, Spring Boot

EXPERIENCE
Senior Java Engineer | NexGen Enterprises (2020 - Present)
- Designed and built microservices handling 500+ parallel transactions per second with low latency.
- Building application integrations with active MQ systems and message queues.
- Reviewing developer code, recommending design patterns, and mentoring junior Java engineers.

EDUCATION
Bachelor of Engineering
State University of Technology (2018)",Java Developer
"Jessica Thompson
Java Developer | Email: jessica.thompson@example.com | Phone: +1-555-329-1339

SUMMARY
A highly technical Java Developer with 6+ years of experience in the software industry, specialized in designing enterprise-level Java applications and delivering high-quality business value.

SKILLS
RESTful APIs, Git, Spring Cloud, Java, Maven, JUnit

EXPERIENCE
Java Developer | NexGen Enterprises (2020 - Present)
- Developed enterprise Java applications using Spring Boot, securing reliable database persistence with Hibernate.
- Reviewing developer code, recommending design patterns, and mentoring junior Java engineers.
- Building application integrations with active MQ systems and message queues.

EDUCATION
Bachelor of Science in Information Systems
Tech University (2012)",Java Developer
"Melissa Thomas
Software Developer - Java | Email: melissa.thomas@example.com | Phone: +1-555-891-8433

SUMMARY
A analytical Software Developer - Java with 5+ years of experience in the software industry, specialized in designing enterprise-level Java applications and delivering high-quality business value.

SKILLS
Hibernate, SQL, RESTful APIs, Docker, Gradle, Maven, Spring Boot, Git

EXPERIENCE
Java Developer | DataSystems Inc. (2022 - Present)
- Implemented database pooling and query optimizations, resolving critical system memory issues.
- Deploying compiled jar distributions within secure, isolated Docker containers.
- Building application integrations with active MQ systems and message queues.

EDUCATION
MS in Software Engineering
State University of Technology (2018)",Java Developer
"William Smith
Java Developer | Email: william.smith@example.com | Phone: +1-555-397-5289

SUMMARY
A analytical Java Developer with 3+ years of experience in the software industry, specialized in implementing robust microservices architectures and delivering high-quality business value.

SKILLS
Docker, SQL, Gradle, Spring Boot, Java, Git, MySQL, Spring Cloud

EXPERIENCE
Software Developer - Java | SecureNet Solutions (2019 - Present)
- Wrote comprehensive unit and integration tests using JUnit and Mockito, ensuring 85% code coverage.
- Deploying compiled jar distributions within secure, isolated Docker containers.
- Reviewing developer code, recommending design patterns, and mentoring junior Java engineers.

EDUCATION
Bachelor of Science in Information Systems
Metropolitan University (2013)",Java Developer
"Michael Jackson
Senior Java Engineer | Email: michael.jackson@example.com | Phone: +1-555-160-1853

SUMMARY
A highly technical Senior Java Engineer with 3+ years of experience in the software industry, specialized in developing reliable web APIs and delivering high-quality business value.

SKILLS
Docker, MySQL, Java, SQL, RESTful APIs, Maven, Spring Cloud, Hibernate

EXPERIENCE
Software Developer - Java | Apex Global (2019 - Present)
- Developed enterprise Java applications using Spring Boot, securing reliable database persistence with Hibernate.
- Deploying compiled jar distributions within secure, isolated Docker containers.
- Building application integrations with active MQ systems and message queues.

EDUCATION
Bachelor of Engineering
State University of Technology (2020)",Java Developer
"Jennifer Martinez
Java Developer | Email: jennifer.martinez@example.com | Phone: +1-555-998-8669

SUMMARY
A process-oriented Java Developer with 6+ years of experience in the software industry, specialized in integrating database persistence layers and delivering high-quality business value.

SKILLS
RESTful APIs, Spring Boot, Microservices, Java, Spring Cloud, Gradle

EXPERIENCE
Senior Java Engineer | WebFlow Digital (2020 - Present)
- Implemented database pooling and query optimizations, resolving critical system memory issues.
- Reviewing developer code, recommending design patterns, and mentoring junior Java engineers.
- Deploying compiled jar distributions within secure, isolated Docker containers.

EDUCATION
Bachelor of Science in Information Systems
Metropolitan University (2018)",Java Developer
"David Martinez
Java Developer | Email: david.martinez@example.com | Phone: +1-555-854-9049

SUMMARY
A analytical Java Developer with 5+ years of experience in the software industry, specialized in designing enterprise-level Java applications and delivering high-quality business value.

SKILLS
Java, Hibernate, Spring Cloud, SQL, Gradle, RESTful APIs

EXPERIENCE
Senior Java Engineer | CloudDynamics (2021 - Present)
- Developed enterprise Java applications using Spring Boot, securing reliable database persistence with Hibernate.
- Reviewing developer code, recommending design patterns, and mentoring junior Java engineers.
- Building application integrations with active MQ systems and message queues.

EDUCATION
MS in Software Engineering
Metropolitan University (2020)",Java Developer
"Jennifer Hernandez
Software Developer - Java | Email: jennifer.hernandez@example.com | Phone: +1-555-604-2843

SUMMARY
A highly technical Software Developer - Java with 3+ years of experience in the software industry, specialized in designing enterprise-level Java applications and delivering high-quality business value.

SKILLS
Hibernate, RESTful APIs, Spring Cloud, Docker, JUnit, Git

EXPERIENCE
Java Developer | NexGen Enterprises (2022 - Present)
- Developed enterprise Java applications using Spring Boot, securing reliable database persistence with Hibernate.
- Deploying compiled jar distributions within secure, isolated Docker containers.
- Building application integrations with active MQ systems and message queues.

EDUCATION
MS in Software Engineering
Tech University (2015)",Java Developer
"Jennifer Brown
Senior Java Engineer | Email: jennifer.brown@example.com | Phone: +1-555-436-1425

SUMMARY
A process-oriented Senior Java Engineer with 3+ years of experience in the software industry, specialized in developing reliable web APIs and delivering high-quality business value.

SKILLS
Spring Boot, Microservices, Spring Cloud, Java, SQL, Gradle, Maven, Git

EXPERIENCE
Software Developer - Java | Alpha Consulting (2021 - Present)
- Implemented database pooling and query optimizations, resolving critical system memory issues.
- Deploying compiled jar distributions within secure, isolated Docker containers.
- Building application integrations with active MQ systems and message queues.

EDUCATION
Bachelor of Engineering
Tech University (2019)",Java Developer
"Sarah Thompson
Java Developer | Email: sarah.thompson@example.com | Phone: +1-555-232-4463

SUMMARY
A experienced Java Developer with 4+ years of experience in the software industry, specialized in integrating database persistence layers and delivering high-quality business value.

SKILLS
Spring Boot, JUnit, MySQL, Maven, SQL, Docker, Spring Cloud, Git

EXPERIENCE
Java Developer | DataSystems Inc. (2021 - Present)
- Developed enterprise Java applications using Spring Boot, securing reliable database persistence with Hibernate.
- Building application integrations with active MQ systems and message queues.
- Deploying compiled jar distributions within secure, isolated Docker containers.

EDUCATION
MS in Software Engineering
Institute of Science & Tech (2016)",Java Developer
"William Brown
Senior Java Engineer | Email: william.brown@example.com | Phone: +1-555-405-9042

SUMMARY
A experienced Senior Java Engineer with 3+ years of experience in the software industry, specialized in implementing robust microservices architectures and delivering high-quality business value.

SKILLS
Spring Boot, Microservices, JUnit, Hibernate, Gradle, Docker, MySQL, Maven

EXPERIENCE
Software Developer - Java | WebFlow Digital (2022 - Present)
- Wrote comprehensive unit and integration tests using JUnit and Mockito, ensuring 85% code coverage.
- Building application integrations with active MQ systems and message queues.
- Reviewing developer code, recommending design patterns, and mentoring junior Java engineers.

EDUCATION
Bachelor of Engineering
Western Engineering College (2014)",Java Developer
"Ashley Thomas
Software Developer - Java | Email: ashley.thomas@example.com | Phone: +1-555-195-1662

SUMMARY
A experienced Software Developer - Java with 5+ years of experience in the software industry, specialized in developing reliable web APIs and delivering high-quality business value.

SKILLS
Docker, Git, Spring Cloud, Gradle, JUnit, Spring Boot, SQL, Hibernate

EXPERIENCE
Senior Java Engineer | SecureNet Solutions (2018 - Present)
- Implemented database pooling and query optimizations, resolving critical system memory issues.
- Building application integrations with active MQ systems and message queues.
- Deploying compiled jar distributions within secure, isolated Docker containers.

EDUCATION
Bachelor of Engineering
State University of Technology (2020)",Java Developer
"Ashley Wilson
Software Developer - Java | Email: ashley.wilson@example.com | Phone: +1-555-682-1781

SUMMARY
A process-oriented Software Developer - Java with 4+ years of experience in the software industry, specialized in designing enterprise-level Java applications and delivering high-quality business value.

SKILLS
Maven, SQL, Spring Boot, Gradle, RESTful APIs, Microservices, Spring Cloud, JUnit

EXPERIENCE
Java Developer | InnovateSoft (2022 - Present)
- Developed enterprise Java applications using Spring Boot, securing reliable database persistence with Hibernate.
- Deploying compiled jar distributions within secure, isolated Docker containers.
- Reviewing developer code, recommending design patterns, and mentoring junior Java engineers.

EDUCATION
MS in Information Technology
State University of Technology (2018)",Java Developer
"John Williams
Senior Java Engineer | Email: john.williams@example.com | Phone: +1-555-526-5876

SUMMARY
A analytical Senior Java Engineer with 3+ years of experience in the software industry, specialized in developing reliable web APIs and delivering high-quality business value.

SKILLS
SQL, Spring Cloud, Hibernate, Git, Spring Boot, RESTful APIs, Maven

EXPERIENCE
Software Developer - Java | InnovateSoft (2021 - Present)
- Developed enterprise Java applications using Spring Boot, securing reliable database persistence with Hibernate.
- Building application integrations with active MQ systems and message queues.
- Reviewing developer code, recommending design patterns, and mentoring junior Java engineers.

EDUCATION
Bachelor of Science in Computer Science
Tech University (2014)",Java Developer
"Jennifer Hernandez
Software Developer - Java | Email: jennifer.hernandez@example.com | Phone: +1-555-808-7637

SUMMARY
A analytical Software Developer - Java with 3+ years of experience in the software industry, specialized in integrating database persistence layers and delivering high-quality business value.

SKILLS
Docker, Git, SQL, Maven, RESTful APIs, Spring Boot, Gradle, MySQL

EXPERIENCE
Java Developer | TechCorp Solutions (2019 - Present)
- Developed enterprise Java applications using Spring Boot, securing reliable database persistence with Hibernate.
- Deploying compiled jar distributions within secure, isolated Docker containers.
- Building application integrations with active MQ systems and message queues.

EDUCATION
Bachelor of Science in Computer Science
State University of Technology (2019)",Java Developer
"William Garcia
Java Developer | Email: william.garcia@example.com | Phone: +1-555-546-9824

SUMMARY
A process-oriented Java Developer with 6+ years of experience in the software industry, specialized in integrating database persistence layers and delivering high-quality business value.

SKILLS
Gradle, Maven, Java, Spring Boot, Spring Cloud, JUnit

EXPERIENCE
Senior Java Engineer | Alpha Consulting (2021 - Present)
- Developed enterprise Java applications using Spring Boot, securing reliable database persistence with Hibernate.
- Reviewing developer code, recommending design patterns, and mentoring junior Java engineers.
- Building application integrations with active MQ systems and message queues.

EDUCATION
MS in Information Technology
Metropolitan University (2018)",Java Developer
"John Martinez
Software Developer - Java | Email: john.martinez@example.com | Phone: +1-555-108-2682

SUMMARY
A analytical Software Developer - Java with 6+ years of experience in the software industry, specialized in developing reliable web APIs and delivering high-quality business value.

SKILLS
MySQL, SQL, JUnit, RESTful APIs, Java, Gradle, Hibernate, Maven

EXPERIENCE
Software Developer - Java | ByteWise Technologies (2022 - Present)
- Wrote comprehensive unit and integration tests using JUnit and Mockito, ensuring 85% code coverage.
- Building application integrations with active MQ systems and message queues.
- Deploying compiled jar distributions within secure, isolated Docker containers.

EDUCATION
Bachelor of Science in Information Systems
Tech University (2018)",Java Developer
"Nicole Martinez
Senior Java Engineer | Email: nicole.martinez@example.com | Phone: +1-555-666-2040

SUMMARY
A analytical Senior Java Engineer with 4+ years of experience in the software industry, specialized in developing reliable web APIs and delivering high-quality business value.

SKILLS
MySQL, Docker, Microservices, Gradle, Maven, Java, Spring Boot

EXPERIENCE
Senior Java Engineer | WebFlow Digital (2019 - Present)
- Implemented database pooling and query optimizations, resolving critical system memory issues.
- Reviewing developer code, recommending design patterns, and mentoring junior Java engineers.
- Building application integrations with active MQ systems and message queues.

EDUCATION
Bachelor of Science in Information Systems
State University of Technology (2017)",Java Developer
"Heather Hernandez
Software Developer - Java | Email: heather.hernandez@example.com | Phone: +1-555-234-5806

SUMMARY
A analytical Software Developer - Java with 3+ years of experience in the software industry, specialized in developing reliable web APIs and delivering high-quality business value.

SKILLS
SQL, Spring Cloud, MySQL, Hibernate, RESTful APIs, Spring Boot, Microservices

EXPERIENCE
Java Developer | Alpha Consulting (2019 - Present)
- Designed and built microservices handling 500+ parallel transactions per second with low latency.
- Building application integrations with active MQ systems and message queues.
- Reviewing developer code, recommending design patterns, and mentoring junior Java engineers.

EDUCATION
Bachelor of Science in Computer Science
Institute of Science & Tech (2019)",Java Developer
"Charles Garcia
Java Developer | Email: charles.garcia@example.com | Phone: +1-555-314-1770

SUMMARY
A experienced Java Developer with 3+ years of experience in the software industry, specialized in integrating database persistence layers and delivering high-quality business value.

SKILLS
Spring Cloud, SQL, JUnit, Java, Spring Boot, Microservices, Hibernate, MySQL

EXPERIENCE
Java Developer | NexGen Enterprises (2019 - Present)
- Designed and built microservices handling 500+ parallel transactions per second with low latency.
- Reviewing developer code, recommending design patterns, and mentoring junior Java engineers.
- Deploying compiled jar distributions within secure, isolated Docker containers.

EDUCATION
Bachelor of Engineering
Metropolitan University (2012)",Java Developer
"Stephanie Rodriguez
Software Developer - Java | Email: stephanie.rodriguez@example.com | Phone: +1-555-254-9444

SUMMARY
A process-oriented Software Developer - Java with 6+ years of experience in the software industry, specialized in designing enterprise-level Java applications and delivering high-quality business value.

SKILLS
SQL, Spring Boot, Git, MySQL, Docker, Java, RESTful APIs

EXPERIENCE
Software Developer - Java | InnovateSoft (2019 - Present)
- Developed enterprise Java applications using Spring Boot, securing reliable database persistence with Hibernate.
- Building application integrations with active MQ systems and message queues.
- Reviewing developer code, recommending design patterns, and mentoring junior Java engineers.

EDUCATION
MS in Information Technology
National Science University (2016)",Java Developer
"Amanda Martin
Java Developer | Email: amanda.martin@example.com | Phone: +1-555-610-2626

SUMMARY
A experienced Java Developer with 5+ years of experience in the software industry, specialized in integrating database persistence layers and delivering high-quality business value.

SKILLS
Hibernate, Gradle, Maven, Java, SQL, Git

EXPERIENCE
Software Developer - Java | Apex Global (2020 - Present)
- Designed and built microservices handling 500+ parallel transactions per second with low latency.
- Building application integrations with active MQ systems and message queues.
- Reviewing developer code, recommending design patterns, and mentoring junior Java engineers.

EDUCATION
Bachelor of Engineering
National Science University (2018)",Java Developer
"Emily Garcia
Senior Java Engineer | Email: emily.garcia@example.com | Phone: +1-555-255-9677

SUMMARY
A highly technical Senior Java Engineer with 6+ years of experience in the software industry, specialized in implementing robust microservices architectures and delivering high-quality business value.

SKILLS
Maven, Gradle, JUnit, Microservices, Java, Git, Spring Boot

EXPERIENCE
Java Developer | TechCorp Solutions (2022 - Present)
- Developed enterprise Java applications using Spring Boot, securing reliable database persistence with Hibernate.
- Reviewing developer code, recommending design patterns, and mentoring junior Java engineers.
- Deploying compiled jar distributions within secure, isolated Docker containers.

EDUCATION
MS in Software Engineering
State University of Technology (2018)",Java Developer
"John Taylor
Software Developer - Java | Email: john.taylor@example.com | Phone: +1-555-877-1607

SUMMARY
A highly technical Software Developer - Java with 3+ years of experience in the software industry, specialized in designing enterprise-level Java applications and delivering high-quality business value.

SKILLS
Maven, Docker, JUnit, RESTful APIs, Microservices, Git, Java

EXPERIENCE
Software Developer - Java | WebFlow Digital (2022 - Present)
- Designed and built microservices handling 500+ parallel transactions per second with low latency.
- Deploying compiled jar distributions within secure, isolated Docker containers.
- Reviewing developer code, recommending design patterns, and mentoring junior Java engineers.

EDUCATION
MS in Software Engineering
National Science University (2015)",Java Developer
"Stephanie White
Software Developer - Java | Email: stephanie.white@example.com | Phone: +1-555-907-8244

SUMMARY
A experienced Software Developer - Java with 5+ years of experience in the software industry, specialized in developing reliable web APIs and delivering high-quality business value.

SKILLS
Spring Boot, Java, JUnit, Microservices, Maven, Spring Cloud, RESTful APIs

EXPERIENCE
Java Developer | ByteWise Technologies (2020 - Present)
- Developed enterprise Java applications using Spring Boot, securing reliable database persistence with Hibernate.
- Deploying compiled jar distributions within secure, isolated Docker containers.
- Reviewing developer code, recommending design patterns, and mentoring junior Java engineers.

EDUCATION
Bachelor of Science in Information Systems
Metropolitan University (2014)",Java Developer
"James Smith
Software Developer - Java | Email: james.smith@example.com | Phone: +1-555-915-9846

SUMMARY
A experienced Software Developer - Java with 3+ years of experience in the software industry, specialized in implementing robust microservices architectures and delivering high-quality business value.

SKILLS
Maven, JUnit, Spring Boot, Java, Microservices, RESTful APIs, Git, Gradle

EXPERIENCE
Java Developer | Apex Global (2018 - Present)
- Developed enterprise Java applications using Spring Boot, securing reliable database persistence with Hibernate.
- Reviewing developer code, recommending design patterns, and mentoring junior Java engineers.
- Deploying compiled jar distributions within secure, isolated Docker containers.

EDUCATION
Bachelor of Science in Information Systems
National Science University (2012)",Java Developer
"Amanda Martinez
Software Developer - Java | Email: amanda.martinez@example.com | Phone: +1-555-341-9737

SUMMARY
A highly technical Software Developer - Java with 3+ years of experience in the software industry, specialized in integrating database persistence layers and delivering high-quality business value.

SKILLS
Docker, Git, MySQL, Spring Cloud, Maven, Hibernate, Java

EXPERIENCE
Software Developer - Java | Apex Global (2022 - Present)
- Designed and built microservices handling 500+ parallel transactions per second with low latency.
- Reviewing developer code, recommending design patterns, and mentoring junior Java engineers.
- Deploying compiled jar distributions within secure, isolated Docker containers.

EDUCATION
Bachelor of Science in Computer Science
State University of Technology (2018)",Java Developer
"Ashley Williams
Senior Java Engineer | Email: ashley.williams@example.com | Phone: +1-555-194-2018

SUMMARY
A highly technical Senior Java Engineer with 5+ years of experience in the software industry, specialized in developing reliable web APIs and delivering high-quality business value.

SKILLS
Spring Boot, Microservices, Docker, JUnit, Maven, MySQL, Gradle

EXPERIENCE
Senior Java Engineer | WebFlow Digital (2022 - Present)
- Wrote comprehensive unit and integration tests using JUnit and Mockito, ensuring 85% code coverage.
- Reviewing developer code, recommending design patterns, and mentoring junior Java engineers.
- Deploying compiled jar distributions within secure, isolated Docker containers.

EDUCATION
MS in Software Engineering
State University of Technology (2014)",Java Developer
"Melissa Jones
Java Developer | Email: melissa.jones@example.com | Phone: +1-555-596-8499

SUMMARY
A process-oriented Java Developer with 6+ years of experience in the software industry, specialized in implementing robust microservices architectures and delivering high-quality business value.

SKILLS
Java, Git, Spring Cloud, JUnit, Microservices, Spring Boot, RESTful APIs

EXPERIENCE
Java Developer | SecureNet Solutions (2018 - Present)
- Implemented database pooling and query optimizations, resolving critical system memory issues.
- Deploying compiled jar distributions within secure, isolated Docker containers.
- Reviewing developer code, recommending design patterns, and mentoring junior Java engineers.

EDUCATION
Bachelor of Science in Computer Science
Western Engineering College (2014)",Java Developer
"Michael Anderson
Senior Java Engineer | Email: michael.anderson@example.com | Phone: +1-555-412-7135

SUMMARY
A experienced Senior Java Engineer with 4+ years of experience in the software industry, specialized in developing reliable web APIs and delivering high-quality business value.

SKILLS
Spring Cloud, MySQL, Maven, Java, RESTful APIs, JUnit

EXPERIENCE
Software Developer - Java | DataSystems Inc. (2019 - Present)
- Wrote comprehensive unit and integration tests using JUnit and Mockito, ensuring 85% code coverage.
- Building application integrations with active MQ systems and message queues.
- Deploying compiled jar distributions within secure, isolated Docker containers.

EDUCATION
Bachelor of Science in Information Systems
Metropolitan University (2013)",Java Developer
"John Thomas
Software Developer - Java | Email: john.thomas@example.com | Phone: +1-555-592-6074

SUMMARY
A analytical Software Developer - Java with 6+ years of experience in the software industry, specialized in integrating database persistence layers and delivering high-quality business value.

SKILLS
Git, MySQL, Spring Cloud, Docker, JUnit, Gradle, Maven

EXPERIENCE
Java Developer | Alpha Consulting (2021 - Present)
- Implemented database pooling and query optimizations, resolving critical system memory issues.
- Building application integrations with active MQ systems and message queues.
- Reviewing developer code, recommending design patterns, and mentoring junior Java engineers.

EDUCATION
MS in Software Engineering
State University of Technology (2018)",Java Developer
"Sarah Jackson
Software Developer - Java | Email: sarah.jackson@example.com | Phone: +1-555-146-8259

SUMMARY
A experienced Software Developer - Java with 5+ years of experience in the software industry, specialized in designing enterprise-level Java applications and delivering high-quality business value.

SKILLS
Java, MySQL, Docker, RESTful APIs, JUnit, Spring Boot, Microservices, Git

EXPERIENCE
Software Developer - Java | InnovateSoft (2019 - Present)
- Developed enterprise Java applications using Spring Boot, securing reliable database persistence with Hibernate.
- Deploying compiled jar distributions within secure, isolated Docker containers.
- Building application integrations with active MQ systems and message queues.

EDUCATION
MS in Software Engineering
Western Engineering College (2012)",Java Developer
"Michael Jackson
Senior Java Engineer | Email: michael.jackson@example.com | Phone: +1-555-284-1310

SUMMARY
A highly technical Senior Java Engineer with 6+ years of experience in the software industry, specialized in implementing robust microservices architectures and delivering high-quality business value.

SKILLS
SQL, JUnit, MySQL, Microservices, Maven, Java

EXPERIENCE
Senior Java Engineer | Alpha Consulting (2018 - Present)
- Wrote comprehensive unit and integration tests using JUnit and Mockito, ensuring 85% code coverage.
- Building application integrations with active MQ systems and message queues.
- Reviewing developer code, recommending design patterns, and mentoring junior Java engineers.

EDUCATION
Bachelor of Science in Computer Science
Western Engineering College (2017)",Java Developer
"Jessica Rodriguez
Java Developer | Email: jessica.rodriguez@example.com | Phone: +1-555-193-2878

SUMMARY
A highly technical Java Developer with 5+ years of experience in the software industry, specialized in integrating database persistence layers and delivering high-quality business value.

SKILLS
RESTful APIs, Spring Boot, Spring Cloud, SQL, Maven, Docker

EXPERIENCE
Senior Java Engineer | TechCorp Solutions (2022 - Present)
- Designed and built microservices handling 500+ parallel transactions per second with low latency.
- Building application integrations with active MQ systems and message queues.
- Deploying compiled jar distributions within secure, isolated Docker containers.

EDUCATION
Bachelor of Engineering
Institute of Science & Tech (2013)",Java Developer
"Sarah Jones
Senior Java Engineer | Email: sarah.jones@example.com | Phone: +1-555-522-6311

SUMMARY
A analytical Senior Java Engineer with 4+ years of experience in the software industry, specialized in designing enterprise-level Java applications and delivering high-quality business value.

SKILLS
Hibernate, MySQL, Git, SQL, Gradle, Maven

EXPERIENCE
Java Developer | InnovateSoft (2020 - Present)
- Implemented database pooling and query optimizations, resolving critical system memory issues.
- Reviewing developer code, recommending design patterns, and mentoring junior Java engineers.
- Deploying compiled jar distributions within secure, isolated Docker containers.

EDUCATION
Bachelor of Science in Computer Science
Institute of Science & Tech (2012)",Java Developer
"Ashley Garcia
Software Developer - Java | Email: ashley.garcia@example.com | Phone: +1-555-119-5409

SUMMARY
A process-oriented Software Developer - Java with 5+ years of experience in the software industry, specialized in implementing robust microservices architectures and delivering high-quality business value.

SKILLS
MySQL, Maven, Gradle, Spring Boot, JUnit, Hibernate, Git

EXPERIENCE
Software Developer - Java | CloudDynamics (2020 - Present)
- Designed and built microservices handling 500+ parallel transactions per second with low latency.
- Building application integrations with active MQ systems and message queues.
- Reviewing developer code, recommending design patterns, and mentoring junior Java engineers.

EDUCATION
Bachelor of Science in Information Systems
Institute of Science & Tech (2012)",Java Developer
"James Hernandez
Software Developer - Java | Email: james.hernandez@example.com | Phone: +1-555-949-5739

SUMMARY
A highly technical Software Developer - Java with 4+ years of experience in the software industry, specialized in designing enterprise-level Java applications and delivering high-quality business value.

SKILLS
RESTful APIs, MySQL, SQL, Maven, Microservices, Hibernate, Docker

EXPERIENCE
Java Developer | ByteWise Technologies (2020 - Present)
- Designed and built microservices handling 500+ parallel transactions per second with low latency.
- Deploying compiled jar distributions within secure, isolated Docker containers.
- Building application integrations with active MQ systems and message queues.

EDUCATION
Bachelor of Engineering
Tech University (2018)",Java Developer
"Michael Jones
Senior Java Engineer | Email: michael.jones@example.com | Phone: +1-555-842-5578

SUMMARY
A highly technical Senior Java Engineer with 3+ years of experience in the software industry, specialized in integrating database persistence layers and delivering high-quality business value.

SKILLS
RESTful APIs, Git, Gradle, SQL, Hibernate, Microservices, Spring Cloud, Spring Boot

EXPERIENCE
Senior Java Engineer | Alpha Consulting (2022 - Present)
- Developed enterprise Java applications using Spring Boot, securing reliable database persistence with Hibernate.
- Deploying compiled jar distributions within secure, isolated Docker containers.
- Building application integrations with active MQ systems and message queues.

EDUCATION
Bachelor of Science in Computer Science
Western Engineering College (2019)",Java Developer
"James Smith
Senior iOS / Android Developer | Email: james.smith@example.com | Phone: +1-555-788-3843

SUMMARY
A creative Senior iOS / Android Developer with 3+ years of experience in the software industry, specialized in publishing apps to official stores and delivering high-quality business value.

SKILLS
Git, Flutter, Firebase, React Native, Xcode, Android SDK, REST APIs, Swift

EXPERIENCE
Senior iOS / Android Developer | SecureNet Solutions (2022 - Present)
- Improved app performance by optimizing image caching and reducing mobile bundle storage sizes.
- Translating UI layouts from Figma into pixel-perfect and responsive mobile layouts.
- Integrating security standards for mobile data encryption and credential storage.

EDUCATION
Bachelor of Science in Computer Science
Institute of Science & Tech (2017)",Mobile Developer
"Richard Hernandez
React Native Engineer | Email: richard.hernandez@example.com | Phone: +1-555-109-4629

SUMMARY
A highly focused React Native Engineer with 4+ years of experience in the software industry, specialized in designing mobile interfaces and delivering high-quality business value.

SKILLS
Flutter, REST APIs, Kotlin, SwiftUI, Firebase, Xcode

EXPERIENCE
Senior iOS / Android Developer | Apex Global (2018 - Present)
- Improved app performance by optimizing image caching and reducing mobile bundle storage sizes.
- Integrating security standards for mobile data encryption and credential storage.
- Translating UI layouts from Figma into pixel-perfect and responsive mobile layouts.

EDUCATION
Bachelor of Science in Computer Science
State University of Technology (2018)",Mobile Developer
"Michael Rodriguez
Senior iOS / Android Developer | Email: michael.rodriguez@example.com | Phone: +1-555-682-9197

SUMMARY
A detail-oriented Senior iOS / Android Developer with 5+ years of experience in the software industry, specialized in building native iOS and Android apps and delivering high-quality business value.

SKILLS
REST APIs, Swift, Flutter, Git, Kotlin, Xcode

EXPERIENCE
React Native Engineer | DataSystems Inc. (2022 - Present)
- Implemented offline-first mobile support and push notifications with Firebase integration.
- Translating UI layouts from Figma into pixel-perfect and responsive mobile layouts.
- Integrating security standards for mobile data encryption and credential storage.

EDUCATION
Bachelor of Science in Information Systems
Western Engineering College (2016)",Mobile Developer
"Stephanie Hernandez
React Native Engineer | Email: stephanie.hernandez@example.com | Phone: +1-555-102-7997

SUMMARY
A highly focused React Native Engineer with 6+ years of experience in the software industry, specialized in designing mobile interfaces and delivering high-quality business value.

SKILLS
Kotlin, Flutter, Firebase, Xcode, REST APIs, Swift, Mobile UI Design

EXPERIENCE
Mobile App Developer | TechCorp Solutions (2019 - Present)
- Implemented offline-first mobile support and push notifications with Firebase integration.
- Working with product managers to plan release schedules for App Store and Google Play Store.
- Integrating security standards for mobile data encryption and credential storage.

EDUCATION
Bachelor of Engineering
Tech University (2018)",Mobile Developer
"Richard Martinez
React Native Engineer | Email: richard.martinez@example.com | Phone: +1-555-183-1415

SUMMARY
A detail-oriented React Native Engineer with 3+ years of experience in the software industry, specialized in publishing apps to official stores and delivering high-quality business value.

SKILLS
SwiftUI, Swift, Android SDK, Kotlin, Flutter, REST APIs

EXPERIENCE
Senior iOS / Android Developer | InnovateSoft (2018 - Present)
- Improved app performance by optimizing image caching and reducing mobile bundle storage sizes.
- Translating UI layouts from Figma into pixel-perfect and responsive mobile layouts.
- Working with product managers to plan release schedules for App Store and Google Play Store.

EDUCATION
Bachelor of Engineering
State University of Technology (2013)",Mobile Developer
"Jennifer Garcia
Senior iOS / Android Developer | Email: jennifer.garcia@example.com | Phone: +1-555-448-1891

SUMMARY
A detail-oriented Senior iOS / Android Developer with 6+ years of experience in the software industry, specialized in developing cross-platform mobile solutions and delivering high-quality business value.

SKILLS
Git, Xcode, REST APIs, Flutter, Firebase, React Native

EXPERIENCE
Senior iOS / Android Developer | TechCorp Solutions (2021 - Present)
- Developed and published a cross-platform React Native app, achieving over 100k active app downloads.
- Translating UI layouts from Figma into pixel-perfect and responsive mobile layouts.
- Integrating security standards for mobile data encryption and credential storage.

EDUCATION
MS in Software Engineering
Tech University (2016)",Mobile Developer
"Heather Thomas
React Native Engineer | Email: heather.thomas@example.com | Phone: +1-555-167-2668

SUMMARY
A highly focused React Native Engineer with 4+ years of experience in the software industry, specialized in developing cross-platform mobile solutions and delivering high-quality business value.

SKILLS
iOS SDK, Flutter, REST APIs, Mobile UI Design, SwiftUI, Firebase, Kotlin

EXPERIENCE
Senior iOS / Android Developer | NexGen Enterprises (2018 - Present)
- Improved app performance by optimizing image caching and reducing mobile bundle storage sizes.
- Working with product managers to plan release schedules for App Store and Google Play Store.
- Integrating security standards for mobile data encryption and credential storage.

EDUCATION
Bachelor of Science in Information Systems
Western Engineering College (2013)",Mobile Developer
"Sarah Smith
Senior iOS / Android Developer | Email: sarah.smith@example.com | Phone: +1-555-564-9474

SUMMARY
A detail-oriented Senior iOS / Android Developer with 3+ years of experience in the software industry, specialized in developing cross-platform mobile solutions and delivering high-quality business value.

SKILLS
REST APIs, Flutter, Mobile UI Design, SwiftUI, Swift, Android SDK

EXPERIENCE
Senior iOS / Android Developer | ByteWise Technologies (2020 - Present)
- Improved app performance by optimizing image caching and reducing mobile bundle storage sizes.
- Working with product managers to plan release schedules for App Store and Google Play Store.
- Integrating security standards for mobile data encryption and credential storage.

EDUCATION
MS in Information Technology
State University of Technology (2014)",Mobile Developer
"John Johnson
React Native Engineer | Email: john.johnson@example.com | Phone: +1-555-230-6106

SUMMARY
A creative React Native Engineer with 4+ years of experience in the software industry, specialized in designing mobile interfaces and delivering high-quality business value.

SKILLS
Firebase, Swift, Git, Xcode, Kotlin, Mobile UI Design, REST APIs, Android SDK

EXPERIENCE
React Native Engineer | Apex Global (2018 - Present)
- Built a native iOS application using Swift and SwiftUI, integrated with Core Data and background syncing.
- Translating UI layouts from Figma into pixel-perfect and responsive mobile layouts.
- Integrating security standards for mobile data encryption and credential storage.

EDUCATION
Bachelor of Science in Information Systems
Western Engineering College (2012)",Mobile Developer
"Ashley Anderson
React Native Engineer | Email: ashley.anderson@example.com | Phone: +1-555-300-4282

SUMMARY
A detail-oriented React Native Engineer with 4+ years of experience in the software industry, specialized in developing cross-platform mobile solutions and delivering high-quality business value.

SKILLS
Git, Xcode, Mobile UI Design, Android SDK, Firebase, Kotlin

EXPERIENCE
Senior iOS / Android Developer | WebFlow Digital (2021 - Present)
- Built a native iOS application using Swift and SwiftUI, integrated with Core Data and background syncing.
- Translating UI layouts from Figma into pixel-perfect and responsive mobile layouts.
- Working with product managers to plan release schedules for App Store and Google Play Store.

EDUCATION
Bachelor of Science in Computer Science
Institute of Science & Tech (2015)",Mobile Developer
"James Garcia
Senior iOS / Android Developer | Email: james.garcia@example.com | Phone: +1-555-809-4772

SUMMARY
A detail-oriented Senior iOS / Android Developer with 6+ years of experience in the software industry, specialized in building native iOS and Android apps and delivering high-quality business value.

SKILLS
Android SDK, iOS SDK, SwiftUI, Git, Swift, Firebase, React Native, Xcode

EXPERIENCE
Senior iOS / Android Developer | TechCorp Solutions (2018 - Present)
- Developed and published a cross-platform React Native app, achieving over 100k active app downloads.
- Integrating security standards for mobile data encryption and credential storage.
- Translating UI layouts from Figma into pixel-perfect and responsive mobile layouts.

EDUCATION
MS in Information Technology
Metropolitan University (2019)",Mobile Developer
"Richard Thompson
Mobile App Developer | Email: richard.thompson@example.com | Phone: +1-555-883-6896

SUMMARY
A highly focused Mobile App Developer with 5+ years of experience in the software industry, specialized in building native iOS and Android apps and delivering high-quality business value.

SKILLS
Swift, SwiftUI, Kotlin, Mobile UI Design, Android SDK, iOS SDK, REST APIs

EXPERIENCE
Mobile App Developer | DataSystems Inc. (2019 - Present)
- Developed and published a cross-platform React Native app, achieving over 100k active app downloads.
- Translating UI layouts from Figma into pixel-perfect and responsive mobile layouts.
- Working with product managers to plan release schedules for App Store and Google Play Store.

EDUCATION
Bachelor of Science in Computer Science
Tech University (2014)",Mobile Developer
"Jessica Brown
Senior iOS / Android Developer | Email: jessica.brown@example.com | Phone: +1-555-446-4444

SUMMARY
A creative Senior iOS / Android Developer with 4+ years of experience in the software industry, specialized in building native iOS and Android apps and delivering high-quality business value.

SKILLS
Git, Swift, Firebase, iOS SDK, Flutter, React Native, Xcode

EXPERIENCE
Mobile App Developer | CloudDynamics (2019 - Present)
- Improved app performance by optimizing image caching and reducing mobile bundle storage sizes.
- Integrating security standards for mobile data encryption and credential storage.
- Working with product managers to plan release schedules for App Store and Google Play Store.

EDUCATION
Bachelor of Engineering
Western Engineering College (2018)",Mobile Developer
"Joseph Johnson
React Native Engineer | Email: joseph.johnson@example.com | Phone: +1-555-881-4098

SUMMARY
A skilled React Native Engineer with 4+ years of experience in the software industry, specialized in building native iOS and Android apps and delivering high-quality business value.

SKILLS
React Native, Git, Kotlin, Swift, Xcode, Flutter

EXPERIENCE
React Native Engineer | InnovateSoft (2021 - Present)
- Developed and published a cross-platform React Native app, achieving over 100k active app downloads.
- Translating UI layouts from Figma into pixel-perfect and responsive mobile layouts.
- Working with product managers to plan release schedules for App Store and Google Play Store.

EDUCATION
Bachelor of Science in Information Systems
Metropolitan University (2019)",Mobile Developer
"Melissa Hernandez
React Native Engineer | Email: melissa.hernandez@example.com | Phone: +1-555-283-6272

SUMMARY
A skilled React Native Engineer with 6+ years of experience in the software industry, specialized in publishing apps to official stores and delivering high-quality business value.

SKILLS
Kotlin, REST APIs, iOS SDK, React Native, SwiftUI, Flutter, Git

EXPERIENCE
Senior iOS / Android Developer | Alpha Consulting (2019 - Present)
- Built a native iOS application using Swift and SwiftUI, integrated with Core Data and background syncing.
- Working with product managers to plan release schedules for App Store and Google Play Store.
- Integrating security standards for mobile data encryption and credential storage.

EDUCATION
MS in Software Engineering
Western Engineering College (2014)",Mobile Developer
"Emily Rodriguez
Mobile App Developer | Email: emily.rodriguez@example.com | Phone: +1-555-663-2388

SUMMARY
A highly focused Mobile App Developer with 6+ years of experience in the software industry, specialized in designing mobile interfaces and delivering high-quality business value.

SKILLS
Android SDK, SwiftUI, REST APIs, React Native, Xcode, Kotlin, iOS SDK, Swift

EXPERIENCE
Senior iOS / Android Developer | SecureNet Solutions (2021 - Present)
- Improved app performance by optimizing image caching and reducing mobile bundle storage sizes.
- Working with product managers to plan release schedules for App Store and Google Play Store.
- Integrating security standards for mobile data encryption and credential storage.

EDUCATION
MS in Software Engineering
Metropolitan University (2016)",Mobile Developer
"Jessica Smith
Mobile App Developer | Email: jessica.smith@example.com | Phone: +1-555-283-8236

SUMMARY
A skilled Mobile App Developer with 4+ years of experience in the software industry, specialized in developing cross-platform mobile solutions and delivering high-quality business value.

SKILLS
Kotlin, Firebase, Git, REST APIs, Flutter, iOS SDK

EXPERIENCE
Mobile App Developer | WebFlow Digital (2019 - Present)
- Developed and published a cross-platform React Native app, achieving over 100k active app downloads.
- Translating UI layouts from Figma into pixel-perfect and responsive mobile layouts.
- Working with product managers to plan release schedules for App Store and Google Play Store.

EDUCATION
Bachelor of Science in Computer Science
Western Engineering College (2015)",Mobile Developer
"Sarah Davis
Senior iOS / Android Developer | Email: sarah.davis@example.com | Phone: +1-555-791-6394

SUMMARY
A skilled Senior iOS / Android Developer with 5+ years of experience in the software industry, specialized in designing mobile interfaces and delivering high-quality business value.

SKILLS
REST APIs, Swift, Firebase, Kotlin, React Native, iOS SDK, Git, Android SDK

EXPERIENCE
Senior iOS / Android Developer | Apex Global (2021 - Present)
- Developed and published a cross-platform React Native app, achieving over 100k active app downloads.
- Working with product managers to plan release schedules for App Store and Google Play Store.
- Translating UI layouts from Figma into pixel-perfect and responsive mobile layouts.

EDUCATION
MS in Software Engineering
State University of Technology (2015)",Mobile Developer
"Richard Moore
React Native Engineer | Email: richard.moore@example.com | Phone: +1-555-339-9451

SUMMARY
A creative React Native Engineer with 4+ years of experience in the software industry, specialized in publishing apps to official stores and delivering high-quality business value.

SKILLS
Android SDK, SwiftUI, iOS SDK, REST APIs, Git, Xcode

EXPERIENCE
Mobile App Developer | Alpha Consulting (2022 - Present)
- Implemented offline-first mobile support and push notifications with Firebase integration.
- Translating UI layouts from Figma into pixel-perfect and responsive mobile layouts.
- Integrating security standards for mobile data encryption and credential storage.

EDUCATION
Bachelor of Engineering
National Science University (2012)",Mobile Developer
"Jennifer Anderson
Senior iOS / Android Developer | Email: jennifer.anderson@example.com | Phone: +1-555-447-4694

SUMMARY
A creative Senior iOS / Android Developer with 4+ years of experience in the software industry, specialized in publishing apps to official stores and delivering high-quality business value.

SKILLS
REST APIs, React Native, Mobile UI Design, Git, Swift, Flutter, Xcode

EXPERIENCE
React Native Engineer | NexGen Enterprises (2022 - Present)
- Improved app performance by optimizing image caching and reducing mobile bundle storage sizes.
- Working with product managers to plan release schedules for App Store and Google Play Store.
- Translating UI layouts from Figma into pixel-perfect and responsive mobile layouts.

EDUCATION
MS in Software Engineering
Tech University (2020)",Mobile Developer
"Jessica Davis
Senior iOS / Android Developer | Email: jessica.davis@example.com | Phone: +1-555-586-2779

SUMMARY
A creative Senior iOS / Android Developer with 3+ years of experience in the software industry, specialized in designing mobile interfaces and delivering high-quality business value.

SKILLS
Flutter, Git, Firebase, Swift, React Native, iOS SDK

EXPERIENCE
Mobile App Developer | NexGen Enterprises (2021 - Present)
- Built a native iOS application using Swift and SwiftUI, integrated with Core Data and background syncing.
- Translating UI layouts from Figma into pixel-perfect and responsive mobile layouts.
- Integrating security standards for mobile data encryption and credential storage.

EDUCATION
MS in Software Engineering
Metropolitan University (2015)",Mobile Developer
"Joseph Wilson
Mobile App Developer | Email: joseph.wilson@example.com | Phone: +1-555-775-9591

SUMMARY
A creative Mobile App Developer with 4+ years of experience in the software industry, specialized in developing cross-platform mobile solutions and delivering high-quality business value.

SKILLS
React Native, Swift, Android SDK, iOS SDK, Firebase, Flutter, Mobile UI Design, Xcode

EXPERIENCE
Senior iOS / Android Developer | ByteWise Technologies (2021 - Present)
- Developed and published a cross-platform React Native app, achieving over 100k active app downloads.
- Working with product managers to plan release schedules for App Store and Google Play Store.
- Translating UI layouts from Figma into pixel-perfect and responsive mobile layouts.

EDUCATION
MS in Information Technology
State University of Technology (2016)",Mobile Developer
"Ashley Moore
React Native Engineer | Email: ashley.moore@example.com | Phone: +1-555-262-6084

SUMMARY
A detail-oriented React Native Engineer with 4+ years of experience in the software industry, specialized in publishing apps to official stores and delivering high-quality business value.

SKILLS
React Native, Swift, Xcode, Flutter, iOS SDK, Kotlin

EXPERIENCE
Senior iOS / Android Developer | DataSystems Inc. (2022 - Present)
- Improved app performance by optimizing image caching and reducing mobile bundle storage sizes.
- Working with product managers to plan release schedules for App Store and Google Play Store.
- Integrating security standards for mobile data encryption and credential storage.

EDUCATION
Bachelor of Science in Information Systems
Tech University (2013)",Mobile Developer
"Charles Hernandez
Senior iOS / Android Developer | Email: charles.hernandez@example.com | Phone: +1-555-455-5873

SUMMARY
A detail-oriented Senior iOS / Android Developer with 5+ years of experience in the software industry, specialized in publishing apps to official stores and delivering high-quality business value.

SKILLS
REST APIs, iOS SDK, Xcode, Git, Swift, Android SDK

EXPERIENCE
Senior iOS / Android Developer | NexGen Enterprises (2018 - Present)
- Developed and published a cross-platform React Native app, achieving over 100k active app downloads.
- Translating UI layouts from Figma into pixel-perfect and responsive mobile layouts.
- Integrating security standards for mobile data encryption and credential storage.

EDUCATION
Bachelor of Engineering
National Science University (2020)",Mobile Developer
"Charles Williams
Senior iOS / Android Developer | Email: charles.williams@example.com | Phone: +1-555-814-4559

SUMMARY
A creative Senior iOS / Android Developer with 4+ years of experience in the software industry, specialized in developing cross-platform mobile solutions and delivering high-quality business value.

SKILLS
Flutter, Firebase, Android SDK, iOS SDK, Xcode, Mobile UI Design

EXPERIENCE
React Native Engineer | WebFlow Digital (2019 - Present)
- Developed and published a cross-platform React Native app, achieving over 100k active app downloads.
- Working with product managers to plan release schedules for App Store and Google Play Store.
- Translating UI layouts from Figma into pixel-perfect and responsive mobile layouts.

EDUCATION
Bachelor of Science in Computer Science
National Science University (2019)",Mobile Developer
"Jessica Martinez
Mobile App Developer | Email: jessica.martinez@example.com | Phone: +1-555-863-7542

SUMMARY
A creative Mobile App Developer with 3+ years of experience in the software industry, specialized in developing cross-platform mobile solutions and delivering high-quality business value.

SKILLS
Flutter, Swift, Android SDK, Xcode, Firebase, SwiftUI, React Native

EXPERIENCE
React Native Engineer | InnovateSoft (2022 - Present)
- Built a native iOS application using Swift and SwiftUI, integrated with Core Data and background syncing.
- Integrating security standards for mobile data encryption and credential storage.
- Working with product managers to plan release schedules for App Store and Google Play Store.

EDUCATION
MS in Information Technology
Institute of Science & Tech (2016)",Mobile Developer
"David Miller
React Native Engineer | Email: david.miller@example.com | Phone: +1-555-958-1295

SUMMARY
A highly focused React Native Engineer with 4+ years of experience in the software industry, specialized in building native iOS and Android apps and delivering high-quality business value.

SKILLS
Firebase, iOS SDK, Swift, Flutter, React Native, Android SDK

EXPERIENCE
Senior iOS / Android Developer | WebFlow Digital (2019 - Present)
- Implemented offline-first mobile support and push notifications with Firebase integration.
- Translating UI layouts from Figma into pixel-perfect and responsive mobile layouts.
- Integrating security standards for mobile data encryption and credential storage.

EDUCATION
Bachelor of Science in Computer Science
National Science University (2020)",Mobile Developer
"Richard Hernandez
React Native Engineer | Email: richard.hernandez@example.com | Phone: +1-555-813-1782

SUMMARY
A highly focused React Native Engineer with 4+ years of experience in the software industry, specialized in publishing apps to official stores and delivering high-quality business value.

SKILLS
React Native, REST APIs, Mobile UI Design, Git, iOS SDK, Xcode, Flutter

EXPERIENCE
Mobile App Developer | DataSystems Inc. (2020 - Present)
- Built a native iOS application using Swift and SwiftUI, integrated with Core Data and background syncing.
- Translating UI layouts from Figma into pixel-perfect and responsive mobile layouts.
- Integrating security standards for mobile data encryption and credential storage.

EDUCATION
MS in Software Engineering
Tech University (2012)",Mobile Developer
"Sarah Davis
Mobile App Developer | Email: sarah.davis@example.com | Phone: +1-555-796-2035

SUMMARY
A highly focused Mobile App Developer with 5+ years of experience in the software industry, specialized in building native iOS and Android apps and delivering high-quality business value.

SKILLS
iOS SDK, Firebase, Flutter, Android SDK, Git, Kotlin

EXPERIENCE
Mobile App Developer | DataSystems Inc. (2022 - Present)
- Improved app performance by optimizing image caching and reducing mobile bundle storage sizes.
- Working with product managers to plan release schedules for App Store and Google Play Store.
- Translating UI layouts from Figma into pixel-perfect and responsive mobile layouts.

EDUCATION
MS in Information Technology
State University of Technology (2013)",Mobile Developer
"Emily Martinez
Senior iOS / Android Developer | Email: emily.martinez@example.com | Phone: +1-555-277-1245

SUMMARY
A skilled Senior iOS / Android Developer with 6+ years of experience in the software industry, specialized in developing cross-platform mobile solutions and delivering high-quality business value.

SKILLS
Xcode, SwiftUI, Flutter, Kotlin, Android SDK, React Native

EXPERIENCE
Senior iOS / Android Developer | InnovateSoft (2019 - Present)
- Implemented offline-first mobile support and push notifications with Firebase integration.
- Integrating security standards for mobile data encryption and credential storage.
- Working with product managers to plan release schedules for App Store and Google Play Store.

EDUCATION
Bachelor of Science in Computer Science
National Science University (2020)",Mobile Developer
"Nicole Miller
React Native Engineer | Email: nicole.miller@example.com | Phone: +1-555-357-2552

SUMMARY
A skilled React Native Engineer with 5+ years of experience in the software industry, specialized in publishing apps to official stores and delivering high-quality business value.

SKILLS
Swift, Git, Android SDK, Xcode, Flutter, Mobile UI Design, React Native

EXPERIENCE
Senior iOS / Android Developer | NexGen Enterprises (2022 - Present)
- Improved app performance by optimizing image caching and reducing mobile bundle storage sizes.
- Integrating security standards for mobile data encryption and credential storage.
- Translating UI layouts from Figma into pixel-perfect and responsive mobile layouts.

EDUCATION
Bachelor of Science in Information Systems
Western Engineering College (2012)",Mobile Developer
"Joseph Smith
Senior iOS / Android Developer | Email: joseph.smith@example.com | Phone: +1-555-731-3032

SUMMARY
A detail-oriented Senior iOS / Android Developer with 5+ years of experience in the software industry, specialized in publishing apps to official stores and delivering high-quality business value.

SKILLS
Flutter, React Native, Swift, Android SDK, Xcode, REST APIs, Mobile UI Design, Firebase

EXPERIENCE
React Native Engineer | SecureNet Solutions (2019 - Present)
- Developed and published a cross-platform React Native app, achieving over 100k active app downloads.
- Translating UI layouts from Figma into pixel-perfect and responsive mobile layouts.
- Working with product managers to plan release schedules for App Store and Google Play Store.

EDUCATION
Bachelor of Engineering
State University of Technology (2016)",Mobile Developer
"Sarah Johnson
React Native Engineer | Email: sarah.johnson@example.com | Phone: +1-555-633-7797

SUMMARY
A skilled React Native Engineer with 5+ years of experience in the software industry, specialized in developing cross-platform mobile solutions and delivering high-quality business value.

SKILLS
Android SDK, Mobile UI Design, SwiftUI, REST APIs, React Native, Git, Flutter, iOS SDK

EXPERIENCE
React Native Engineer | NexGen Enterprises (2021 - Present)
- Implemented offline-first mobile support and push notifications with Firebase integration.
- Translating UI layouts from Figma into pixel-perfect and responsive mobile layouts.
- Working with product managers to plan release schedules for App Store and Google Play Store.

EDUCATION
Bachelor of Science in Computer Science
Tech University (2019)",Mobile Developer
"Robert Davis
Mobile App Developer | Email: robert.davis@example.com | Phone: +1-555-153-3318

SUMMARY
A detail-oriented Mobile App Developer with 5+ years of experience in the software industry, specialized in developing cross-platform mobile solutions and delivering high-quality business value.

SKILLS
Firebase, SwiftUI, Git, Mobile UI Design, Flutter, REST APIs, Android SDK, iOS SDK

EXPERIENCE
React Native Engineer | WebFlow Digital (2019 - Present)
- Built a native iOS application using Swift and SwiftUI, integrated with Core Data and background syncing.
- Translating UI layouts from Figma into pixel-perfect and responsive mobile layouts.
- Working with product managers to plan release schedules for App Store and Google Play Store.

EDUCATION
MS in Information Technology
Western Engineering College (2015)",Mobile Developer
"Charles Wilson
React Native Engineer | Email: charles.wilson@example.com | Phone: +1-555-690-8344

SUMMARY
A detail-oriented React Native Engineer with 6+ years of experience in the software industry, specialized in designing mobile interfaces and delivering high-quality business value.

SKILLS
Android SDK, iOS SDK, Git, Swift, Xcode, SwiftUI

EXPERIENCE
React Native Engineer | SecureNet Solutions (2022 - Present)
- Improved app performance by optimizing image caching and reducing mobile bundle storage sizes.
- Translating UI layouts from Figma into pixel-perfect and responsive mobile layouts.
- Working with product managers to plan release schedules for App Store and Google Play Store.

EDUCATION
Bachelor of Science in Computer Science
Institute of Science & Tech (2018)",Mobile Developer
"Robert Wilson
Mobile App Developer | Email: robert.wilson@example.com | Phone: +1-555-709-9801

SUMMARY
A detail-oriented Mobile App Developer with 6+ years of experience in the software industry, specialized in designing mobile interfaces and delivering high-quality business value.

SKILLS
Kotlin, Xcode, Mobile UI Design, iOS SDK, Git, React Native, Swift

EXPERIENCE
Mobile App Developer | CloudDynamics (2021 - Present)
- Built a native iOS application using Swift and SwiftUI, integrated with Core Data and background syncing.
- Translating UI layouts from Figma into pixel-perfect and responsive mobile layouts.
- Integrating security standards for mobile data encryption and credential storage.

EDUCATION
Bachelor of Science in Computer Science
Western Engineering College (2017)",Mobile Developer
"Jennifer Taylor
React Native Engineer | Email: jennifer.taylor@example.com | Phone: +1-555-525-7465

SUMMARY
A skilled React Native Engineer with 6+ years of experience in the software industry, specialized in publishing apps to official stores and delivering high-quality business value.

SKILLS
Git, REST APIs, Flutter, iOS SDK, React Native, Xcode, SwiftUI

EXPERIENCE
Mobile App Developer | NexGen Enterprises (2019 - Present)
- Improved app performance by optimizing image caching and reducing mobile bundle storage sizes.
- Working with product managers to plan release schedules for App Store and Google Play Store.
- Integrating security standards for mobile data encryption and credential storage.

EDUCATION
Bachelor of Science in Information Systems
National Science University (2019)",Mobile Developer
"Emily Johnson
Senior iOS / Android Developer | Email: emily.johnson@example.com | Phone: +1-555-766-7313

SUMMARY
A detail-oriented Senior iOS / Android Developer with 6+ years of experience in the software industry, specialized in building native iOS and Android apps and delivering high-quality business value.

SKILLS
Android SDK, Git, React Native, Swift, Kotlin, Xcode

EXPERIENCE
Senior iOS / Android Developer | Alpha Consulting (2019 - Present)
- Built a native iOS application using Swift and SwiftUI, integrated with Core Data and background syncing.
- Integrating security standards for mobile data encryption and credential storage.
- Translating UI layouts from Figma into pixel-perfect and responsive mobile layouts.

EDUCATION
Bachelor of Science in Computer Science
Tech University (2013)",Mobile Developer
"Jessica Taylor
React Native Engineer | Email: jessica.taylor@example.com | Phone: +1-555-823-2316

SUMMARY
A detail-oriented React Native Engineer with 5+ years of experience in the software industry, specialized in publishing apps to official stores and delivering high-quality business value.

SKILLS
Kotlin, Mobile UI Design, Firebase, REST APIs, iOS SDK, Git, Swift

EXPERIENCE
Mobile App Developer | SecureNet Solutions (2018 - Present)
- Implemented offline-first mobile support and push notifications with Firebase integration.
- Translating UI layouts from Figma into pixel-perfect and responsive mobile layouts.
- Working with product managers to plan release schedules for App Store and Google Play Store.

EDUCATION
MS in Information Technology
National Science University (2018)",Mobile Developer
"Charles Smith
Mobile App Developer | Email: charles.smith@example.com | Phone: +1-555-272-9056

SUMMARY
A highly focused Mobile App Developer with 6+ years of experience in the software industry, specialized in developing cross-platform mobile solutions and delivering high-quality business value.

SKILLS
iOS SDK, Git, Kotlin, Mobile UI Design, Swift, Flutter, Xcode, Firebase

EXPERIENCE
Senior iOS / Android Developer | CloudDynamics (2019 - Present)
- Built a native iOS application using Swift and SwiftUI, integrated with Core Data and background syncing.
- Integrating security standards for mobile data encryption and credential storage.
- Translating UI layouts from Figma into pixel-perfect and responsive mobile layouts.

EDUCATION
MS in Software Engineering
Western Engineering College (2015)",Mobile Developer
"David Davis
Python Developer | Email: david.davis@example.com | Phone: +1-555-160-3993

SUMMARY
A versatile Python Developer with 6+ years of experience in the software industry, specialized in scripting data integration steps and delivering high-quality business value.

SKILLS
REST APIs, Django, SQL, Flask, Git, PyTest, Python, FastAPI

EXPERIENCE
Python Developer | InnovateSoft (2020 - Present)
- Developed a robust web scraping pipeline using BeautifulSoup and Selenium, indexing 1M+ product listings.
- Creating scalable backend architectures and writing database migrations.
- Configuring and orchestrating tasks inside background worker queues.

EDUCATION
MS in Software Engineering
Institute of Science & Tech (2013)",Python Developer
"James Johnson
Automation & Python Engineer | Email: james.johnson@example.com | Phone: +1-555-372-1118

SUMMARY
A problem-solving Automation & Python Engineer with 5+ years of experience in the software industry, specialized in writing backend web APIs and delivering high-quality business value.

SKILLS
Docker, Python, Pandas, REST APIs, Automation, PyTest, FastAPI, SQL

EXPERIENCE
Software Engineer - Python | Apex Global (2022 - Present)
- Developed a robust web scraping pipeline using BeautifulSoup and Selenium, indexing 1M+ product listings.
- Setting up automated unit test suites using PyTest to ensure system stability.
- Configuring and orchestrating tasks inside background worker queues.

EDUCATION
Bachelor of Engineering
State University of Technology (2017)",Python Developer
"Jessica Taylor
Software Engineer - Python | Email: jessica.taylor@example.com | Phone: +1-555-725-1937

SUMMARY
A versatile Software Engineer - Python with 3+ years of experience in the software industry, specialized in writing backend web APIs and delivering high-quality business value.

SKILLS
Git, Pandas, Flask, Python, Django, PyTest, NumPy

EXPERIENCE
Software Engineer - Python | DataSystems Inc. (2020 - Present)
- Built clean and maintainable Python packages for internal data parsing and math utilities.
- Configuring and orchestrating tasks inside background worker queues.
- Setting up automated unit test suites using PyTest to ensure system stability.

EDUCATION
MS in Information Technology
Tech University (2017)",Python Developer
"James Anderson
Automation & Python Engineer | Email: james.anderson@example.com | Phone: +1-555-994-1749

SUMMARY
A versatile Automation & Python Engineer with 5+ years of experience in the software industry, specialized in scripting data integration steps and delivering high-quality business value.

SKILLS
Web Scraping, Pandas, REST APIs, Django, NumPy, Git, FastAPI, Automation

EXPERIENCE
Software Engineer - Python | InnovateSoft (2021 - Present)
- Automated system reports and data processing workflows, reducing manual operations by 20 hours a week.
- Configuring and orchestrating tasks inside background worker queues.
- Creating scalable backend architectures and writing database migrations.

EDUCATION
Bachelor of Science in Information Systems
Western Engineering College (2020)",Python Developer
"John Jones
Software Engineer - Python | Email: john.jones@example.com | Phone: +1-555-609-2426

SUMMARY
A experienced Software Engineer - Python with 6+ years of experience in the software industry, specialized in automating daily operational tasks and delivering high-quality business value.

SKILLS
Web Scraping, SQL, Automation, FastAPI, REST APIs, Git

EXPERIENCE
Python Developer | CloudDynamics (2018 - Present)
- Built clean and maintainable Python packages for internal data parsing and math utilities.
- Configuring and orchestrating tasks inside background worker queues.
- Creating scalable backend architectures and writing database migrations.

EDUCATION
MS in Information Technology
Metropolitan University (2018)",Python Developer
"Thomas Garcia
Automation & Python Engineer | Email: thomas.garcia@example.com | Phone: +1-555-836-5220

SUMMARY
A experienced Automation & Python Engineer with 5+ years of experience in the software industry, specialized in writing backend web APIs and delivering high-quality business value.

SKILLS
SQL, Git, Web Scraping, Django, NumPy, FastAPI, PyTest, Pandas

EXPERIENCE
Software Engineer - Python | InnovateSoft (2020 - Present)
- Built clean and maintainable Python packages for internal data parsing and math utilities.
- Configuring and orchestrating tasks inside background worker queues.
- Setting up automated unit test suites using PyTest to ensure system stability.

EDUCATION
MS in Information Technology
State University of Technology (2016)",Python Developer
"Michael Wilson
Python Developer | Email: michael.wilson@example.com | Phone: +1-555-189-2824

SUMMARY
A versatile Python Developer with 3+ years of experience in the software industry, specialized in automating daily operational tasks and delivering high-quality business value.

SKILLS
NumPy, Flask, Docker, Pandas, Python, PyTest, Automation, Web Scraping

EXPERIENCE
Software Engineer - Python | ByteWise Technologies (2019 - Present)
- Built clean and maintainable Python packages for internal data parsing and math utilities.
- Setting up automated unit test suites using PyTest to ensure system stability.
- Configuring and orchestrating tasks inside background worker queues.

EDUCATION
MS in Information Technology
Western Engineering College (2015)",Python Developer
"Michael Taylor
Software Engineer - Python | Email: michael.taylor@example.com | Phone: +1-555-109-9819

SUMMARY
A versatile Software Engineer - Python with 4+ years of experience in the software industry, specialized in automating daily operational tasks and delivering high-quality business value.

SKILLS
Web Scraping, SQL, Docker, Flask, PyTest, REST APIs

EXPERIENCE
Software Engineer - Python | TechCorp Solutions (2022 - Present)
- Developed a robust web scraping pipeline using BeautifulSoup and Selenium, indexing 1M+ product listings.
- Configuring and orchestrating tasks inside background worker queues.
- Creating scalable backend architectures and writing database migrations.

EDUCATION
Bachelor of Engineering
National Science University (2019)",Python Developer
"Richard Moore
Python Developer | Email: richard.moore@example.com | Phone: +1-555-398-7171

SUMMARY
A versatile Python Developer with 5+ years of experience in the software industry, specialized in automating daily operational tasks and delivering high-quality business value.

SKILLS
Docker, FastAPI, Python, Flask, Web Scraping, Pandas, REST APIs, NumPy

EXPERIENCE
Automation & Python Engineer | CloudDynamics (2018 - Present)
- Built clean and maintainable Python packages for internal data parsing and math utilities.
- Setting up automated unit test suites using PyTest to ensure system stability.
- Configuring and orchestrating tasks inside background worker queues.

EDUCATION
MS in Software Engineering
Metropolitan University (2018)",Python Developer
"Jessica Williams
Software Engineer - Python | Email: jessica.williams@example.com | Phone: +1-555-640-5637

SUMMARY
A highly efficient Software Engineer - Python with 3+ years of experience in the software industry, specialized in scripting data integration steps and delivering high-quality business value.

SKILLS
NumPy, REST APIs, Python, PyTest, Web Scraping, Flask

EXPERIENCE
Software Engineer - Python | NexGen Enterprises (2019 - Present)
- Built clean and maintainable Python packages for internal data parsing and math utilities.
- Setting up automated unit test suites using PyTest to ensure system stability.
- Creating scalable backend architectures and writing database migrations.

EDUCATION
MS in Information Technology
State University of Technology (2015)",Python Developer
"James Anderson
Automation & Python Engineer | Email: james.anderson@example.com | Phone: +1-555-843-2670

SUMMARY
A highly efficient Automation & Python Engineer with 6+ years of experience in the software industry, specialized in scripting data integration steps and delivering high-quality business value.

SKILLS
Flask, Python, Django, NumPy, Web Scraping, Docker, Git, Pandas

EXPERIENCE
Automation & Python Engineer | ByteWise Technologies (2020 - Present)
- Built clean and maintainable Python packages for internal data parsing and math utilities.
- Creating scalable backend architectures and writing database migrations.
- Setting up automated unit test suites using PyTest to ensure system stability.

EDUCATION
MS in Information Technology
Tech University (2013)",Python Developer
"Joseph Taylor
Automation & Python Engineer | Email: joseph.taylor@example.com | Phone: +1-555-600-5959

SUMMARY
A highly efficient Automation & Python Engineer with 3+ years of experience in the software industry, specialized in scripting data integration steps and delivering high-quality business value.

SKILLS
SQL, Pandas, PyTest, Web Scraping, NumPy, Python, REST APIs

EXPERIENCE
Python Developer | InnovateSoft (2018 - Present)
- Built clean and maintainable Python packages for internal data parsing and math utilities.
- Configuring and orchestrating tasks inside background worker queues.
- Creating scalable backend architectures and writing database migrations.

EDUCATION
Bachelor of Science in Computer Science
Western Engineering College (2019)",Python Developer
"Thomas Brown
Software Engineer - Python | Email: thomas.brown@example.com | Phone: +1-555-913-3967

SUMMARY
A experienced Software Engineer - Python with 4+ years of experience in the software industry, specialized in scripting data integration steps and delivering high-quality business value.

SKILLS
Flask, Django, NumPy, Git, Automation, Docker, FastAPI, SQL

EXPERIENCE
Automation & Python Engineer | TechCorp Solutions (2021 - Present)
- Built clean and maintainable Python packages for internal data parsing and math utilities.
- Creating scalable backend architectures and writing database migrations.
- Configuring and orchestrating tasks inside background worker queues.

EDUCATION
MS in Information Technology
National Science University (2013)",Python Developer
"David White
Python Developer | Email: david.white@example.com | Phone: +1-555-811-3948

SUMMARY
A experienced Python Developer with 3+ years of experience in the software industry, specialized in building robust web scrapers and delivering high-quality business value.

SKILLS
Flask, REST APIs, FastAPI, Docker, Django, PyTest

EXPERIENCE
Python Developer | TechCorp Solutions (2018 - Present)
- Developed a robust web scraping pipeline using BeautifulSoup and Selenium, indexing 1M+ product listings.
- Setting up automated unit test suites using PyTest to ensure system stability.
- Creating scalable backend architectures and writing database migrations.

EDUCATION
MS in Software Engineering
National Science University (2012)",Python Developer
"Joseph Wilson
Software Engineer - Python | Email: joseph.wilson@example.com | Phone: +1-555-147-9510

SUMMARY
A experienced Software Engineer - Python with 6+ years of experience in the software industry, specialized in automating daily operational tasks and delivering high-quality business value.

SKILLS
NumPy, Automation, Docker, REST APIs, Git, FastAPI, SQL, Python

EXPERIENCE
Python Developer | TechCorp Solutions (2019 - Present)
- Automated system reports and data processing workflows, reducing manual operations by 20 hours a week.
- Creating scalable backend architectures and writing database migrations.
- Setting up automated unit test suites using PyTest to ensure system stability.

EDUCATION
MS in Information Technology
State University of Technology (2020)",Python Developer
"Richard Thompson
Python Developer | Email: richard.thompson@example.com | Phone: +1-555-467-5544

SUMMARY
A experienced Python Developer with 4+ years of experience in the software industry, specialized in writing backend web APIs and delivering high-quality business value.

SKILLS
Pandas, SQL, Flask, Docker, Web Scraping, Django, Git

EXPERIENCE
Automation & Python Engineer | SecureNet Solutions (2019 - Present)
- Automated system reports and data processing workflows, reducing manual operations by 20 hours a week.
- Creating scalable backend architectures and writing database migrations.
- Setting up automated unit test suites using PyTest to ensure system stability.

EDUCATION
MS in Information Technology
National Science University (2017)",Python Developer
"Nicole Martin
Software Engineer - Python | Email: nicole.martin@example.com | Phone: +1-555-719-3687

SUMMARY
A highly efficient Software Engineer - Python with 6+ years of experience in the software industry, specialized in building robust web scrapers and delivering high-quality business value.

SKILLS
Python, REST APIs, FastAPI, Django, PyTest, Git, Automation

EXPERIENCE
Software Engineer - Python | InnovateSoft (2022 - Present)
- Created backend REST APIs using FastAPI, allowing rapid processing of high-throughput web requests.
- Setting up automated unit test suites using PyTest to ensure system stability.
- Creating scalable backend architectures and writing database migrations.

EDUCATION
Bachelor of Engineering
Metropolitan University (2016)",Python Developer
"William Garcia
Python Developer | Email: william.garcia@example.com | Phone: +1-555-380-1161

SUMMARY
A experienced Python Developer with 6+ years of experience in the software industry, specialized in automating daily operational tasks and delivering high-quality business value.

SKILLS
Docker, Django, Flask, Automation, PyTest, Web Scraping

EXPERIENCE
Software Engineer - Python | InnovateSoft (2022 - Present)
- Developed a robust web scraping pipeline using BeautifulSoup and Selenium, indexing 1M+ product listings.
- Configuring and orchestrating tasks inside background worker queues.
- Setting up automated unit test suites using PyTest to ensure system stability.

EDUCATION
Bachelor of Science in Information Systems
Tech University (2012)",Python Developer
"David Martinez
Python Developer | Email: david.martinez@example.com | Phone: +1-555-869-7382

SUMMARY
A versatile Python Developer with 6+ years of experience in the software industry, specialized in scripting data integration steps and delivering high-quality business value.

SKILLS
Flask, PyTest, Python, Automation, Docker, REST APIs, Django, FastAPI

EXPERIENCE
Python Developer | NexGen Enterprises (2020 - Present)
- Developed a robust web scraping pipeline using BeautifulSoup and Selenium, indexing 1M+ product listings.
- Configuring and orchestrating tasks inside background worker queues.
- Creating scalable backend architectures and writing database migrations.

EDUCATION
Bachelor of Science in Information Systems
Institute of Science & Tech (2019)",Python Developer
"David Hernandez
Automation & Python Engineer | Email: david.hernandez@example.com | Phone: +1-555-462-8678

SUMMARY
A versatile Automation & Python Engineer with 6+ years of experience in the software industry, specialized in building robust web scrapers and delivering high-quality business value.

SKILLS
Git, FastAPI, PyTest, Django, SQL, Pandas, Web Scraping, Flask

EXPERIENCE
Python Developer | InnovateSoft (2018 - Present)
- Automated system reports and data processing workflows, reducing manual operations by 20 hours a week.
- Creating scalable backend architectures and writing database migrations.
- Configuring and orchestrating tasks inside background worker queues.

EDUCATION
Bachelor of Science in Information Systems
Tech University (2013)",Python Developer
"Charles Jackson
Software Engineer - Python | Email: charles.jackson@example.com | Phone: +1-555-604-1175

SUMMARY
A highly efficient Software Engineer - Python with 6+ years of experience in the software industry, specialized in scripting data integration steps and delivering high-quality business value.

SKILLS
SQL, Docker, Automation, Django, Pandas, Python, PyTest, REST APIs

EXPERIENCE
Automation & Python Engineer | TechCorp Solutions (2021 - Present)
- Developed a robust web scraping pipeline using BeautifulSoup and Selenium, indexing 1M+ product listings.
- Creating scalable backend architectures and writing database migrations.
- Configuring and orchestrating tasks inside background worker queues.

EDUCATION
Bachelor of Science in Information Systems
Institute of Science & Tech (2014)",Python Developer
"Melissa Garcia
Software Engineer - Python | Email: melissa.garcia@example.com | Phone: +1-555-279-2230

SUMMARY
A highly efficient Software Engineer - Python with 3+ years of experience in the software industry, specialized in building robust web scrapers and delivering high-quality business value.

SKILLS
Web Scraping, Pandas, Flask, NumPy, Django, REST APIs, Docker

EXPERIENCE
Python Developer | DataSystems Inc. (2022 - Present)
- Developed a robust web scraping pipeline using BeautifulSoup and Selenium, indexing 1M+ product listings.
- Setting up automated unit test suites using PyTest to ensure system stability.
- Configuring and orchestrating tasks inside background worker queues.

EDUCATION
Bachelor of Engineering
Metropolitan University (2015)",Python Developer
"James Thompson
Software Engineer - Python | Email: james.thompson@example.com | Phone: +1-555-503-4562

SUMMARY
A problem-solving Software Engineer - Python with 6+ years of experience in the software industry, specialized in scripting data integration steps and delivering high-quality business value.

SKILLS
NumPy, Python, REST APIs, Web Scraping, Docker, PyTest

EXPERIENCE
Python Developer | Apex Global (2018 - Present)
- Developed a robust web scraping pipeline using BeautifulSoup and Selenium, indexing 1M+ product listings.
- Configuring and orchestrating tasks inside background worker queues.
- Creating scalable backend architectures and writing database migrations.

EDUCATION
MS in Software Engineering
Metropolitan University (2012)",Python Developer
"Michael Thomas
Python Developer | Email: michael.thomas@example.com | Phone: +1-555-603-4236

SUMMARY
A highly efficient Python Developer with 3+ years of experience in the software industry, specialized in scripting data integration steps and delivering high-quality business value.

SKILLS
Python, Flask, SQL, PyTest, FastAPI, Web Scraping, Automation

EXPERIENCE
Software Engineer - Python | Apex Global (2020 - Present)
- Built clean and maintainable Python packages for internal data parsing and math utilities.
- Creating scalable backend architectures and writing database migrations.
- Setting up automated unit test suites using PyTest to ensure system stability.

EDUCATION
Bachelor of Science in Computer Science
Institute of Science & Tech (2019)",Python Developer
"David Jones
Python Developer | Email: david.jones@example.com | Phone: +1-555-462-8110

SUMMARY
A versatile Python Developer with 3+ years of experience in the software industry, specialized in automating daily operational tasks and delivering high-quality business value.

SKILLS
PyTest, Python, Flask, Pandas, REST APIs, NumPy

EXPERIENCE
Automation & Python Engineer | TechCorp Solutions (2019 - Present)
- Automated system reports and data processing workflows, reducing manual operations by 20 hours a week.
- Setting up automated unit test suites using PyTest to ensure system stability.
- Configuring and orchestrating tasks inside background worker queues.

EDUCATION
Bachelor of Science in Computer Science
Institute of Science & Tech (2019)",Python Developer
"Stephanie Moore
Software Engineer - Python | Email: stephanie.moore@example.com | Phone: +1-555-919-3087

SUMMARY
A experienced Software Engineer - Python with 5+ years of experience in the software industry, specialized in scripting data integration steps and delivering high-quality business value.

SKILLS
Django, Python, Flask, SQL, NumPy, Git

EXPERIENCE
Automation & Python Engineer | DataSystems Inc. (2018 - Present)
- Developed a robust web scraping pipeline using BeautifulSoup and Selenium, indexing 1M+ product listings.
- Setting up automated unit test suites using PyTest to ensure system stability.
- Creating scalable backend architectures and writing database migrations.

EDUCATION
MS in Software Engineering
Institute of Science & Tech (2016)",Python Developer
"Charles Moore
Python Developer | Email: charles.moore@example.com | Phone: +1-555-184-8027

SUMMARY
A highly efficient Python Developer with 5+ years of experience in the software industry, specialized in automating daily operational tasks and delivering high-quality business value.

SKILLS
Docker, Django, PyTest, FastAPI, Pandas, REST APIs, Web Scraping

EXPERIENCE
Automation & Python Engineer | InnovateSoft (2022 - Present)
- Automated system reports and data processing workflows, reducing manual operations by 20 hours a week.
- Creating scalable backend architectures and writing database migrations.
- Configuring and orchestrating tasks inside background worker queues.

EDUCATION
MS in Information Technology
Tech University (2014)",Python Developer
"Jessica Johnson
Python Developer | Email: jessica.johnson@example.com | Phone: +1-555-380-4148

SUMMARY
A experienced Python Developer with 5+ years of experience in the software industry, specialized in writing backend web APIs and delivering high-quality business value.

SKILLS
Python, Pandas, Git, Automation, PyTest, FastAPI

EXPERIENCE
Software Engineer - Python | DataSystems Inc. (2020 - Present)
- Built clean and maintainable Python packages for internal data parsing and math utilities.
- Creating scalable backend architectures and writing database migrations.
- Setting up automated unit test suites using PyTest to ensure system stability.

EDUCATION
Bachelor of Science in Computer Science
Metropolitan University (2013)",Python Developer
"Thomas Anderson
Automation & Python Engineer | Email: thomas.anderson@example.com | Phone: +1-555-387-6751

SUMMARY
A experienced Automation & Python Engineer with 4+ years of experience in the software industry, specialized in automating daily operational tasks and delivering high-quality business value.

SKILLS
Flask, Python, Git, SQL, NumPy, FastAPI

EXPERIENCE
Software Engineer - Python | WebFlow Digital (2021 - Present)
- Created backend REST APIs using FastAPI, allowing rapid processing of high-throughput web requests.
- Setting up automated unit test suites using PyTest to ensure system stability.
- Creating scalable backend architectures and writing database migrations.

EDUCATION
Bachelor of Engineering
Institute of Science & Tech (2017)",Python Developer
"Sarah Wilson
Automation & Python Engineer | Email: sarah.wilson@example.com | Phone: +1-555-214-2587

SUMMARY
A problem-solving Automation & Python Engineer with 4+ years of experience in the software industry, specialized in automating daily operational tasks and delivering high-quality business value.

SKILLS
Git, NumPy, REST APIs, Automation, Docker, FastAPI, SQL

EXPERIENCE
Automation & Python Engineer | WebFlow Digital (2019 - Present)
- Built clean and maintainable Python packages for internal data parsing and math utilities.
- Creating scalable backend architectures and writing database migrations.
- Configuring and orchestrating tasks inside background worker queues.

EDUCATION
MS in Information Technology
National Science University (2013)",Python Developer
"John Thompson
Python Developer | Email: john.thompson@example.com | Phone: +1-555-770-4120

SUMMARY
A experienced Python Developer with 3+ years of experience in the software industry, specialized in writing backend web APIs and delivering high-quality business value.

SKILLS
REST APIs, NumPy, PyTest, Web Scraping, FastAPI, Flask, Python, Django

EXPERIENCE
Automation & Python Engineer | DataSystems Inc. (2021 - Present)
- Developed a robust web scraping pipeline using BeautifulSoup and Selenium, indexing 1M+ product listings.
- Configuring and orchestrating tasks inside background worker queues.
- Setting up automated unit test suites using PyTest to ensure system stability.

EDUCATION
Bachelor of Engineering
Institute of Science & Tech (2013)",Python Developer
"Ashley Williams
Automation & Python Engineer | Email: ashley.williams@example.com | Phone: +1-555-594-7864

SUMMARY
A problem-solving Automation & Python Engineer with 4+ years of experience in the software industry, specialized in automating daily operational tasks and delivering high-quality business value.

SKILLS
Flask, PyTest, Python, REST APIs, SQL, FastAPI, NumPy, Web Scraping

EXPERIENCE
Automation & Python Engineer | Alpha Consulting (2022 - Present)
- Created backend REST APIs using FastAPI, allowing rapid processing of high-throughput web requests.
- Creating scalable backend architectures and writing database migrations.
- Setting up automated unit test suites using PyTest to ensure system stability.

EDUCATION
Bachelor of Science in Information Systems
Institute of Science & Tech (2020)",Python Developer
"Jessica Taylor
Python Developer | Email: jessica.taylor@example.com | Phone: +1-555-721-5448

SUMMARY
A highly efficient Python Developer with 5+ years of experience in the software industry, specialized in writing backend web APIs and delivering high-quality business value.

SKILLS
FastAPI, REST APIs, Python, Automation, Web Scraping, PyTest, Flask, Django

EXPERIENCE
Automation & Python Engineer | WebFlow Digital (2020 - Present)
- Created backend REST APIs using FastAPI, allowing rapid processing of high-throughput web requests.
- Creating scalable backend architectures and writing database migrations.
- Configuring and orchestrating tasks inside background worker queues.

EDUCATION
Bachelor of Science in Computer Science
Western Engineering College (2015)",Python Developer
"Charles Johnson
Software Engineer - Python | Email: charles.johnson@example.com | Phone: +1-555-754-3427

SUMMARY
A highly efficient Software Engineer - Python with 3+ years of experience in the software industry, specialized in building robust web scrapers and delivering high-quality business value.

SKILLS
FastAPI, Docker, Automation, Django, Python, NumPy, Web Scraping, PyTest

EXPERIENCE
Python Developer | Apex Global (2020 - Present)
- Developed a robust web scraping pipeline using BeautifulSoup and Selenium, indexing 1M+ product listings.
- Configuring and orchestrating tasks inside background worker queues.
- Creating scalable backend architectures and writing database migrations.

EDUCATION
MS in Software Engineering
Western Engineering College (2016)",Python Developer
"Sarah Johnson
Software Engineer - Python | Email: sarah.johnson@example.com | Phone: +1-555-740-1170

SUMMARY
A highly efficient Software Engineer - Python with 5+ years of experience in the software industry, specialized in building robust web scrapers and delivering high-quality business value.

SKILLS
Python, Automation, SQL, REST APIs, Django, Pandas, NumPy

EXPERIENCE
Automation & Python Engineer | WebFlow Digital (2022 - Present)
- Automated system reports and data processing workflows, reducing manual operations by 20 hours a week.
- Setting up automated unit test suites using PyTest to ensure system stability.
- Creating scalable backend architectures and writing database migrations.

EDUCATION
Bachelor of Engineering
Metropolitan University (2015)",Python Developer
"Nicole Taylor
Python Developer | Email: nicole.taylor@example.com | Phone: +1-555-259-8308

SUMMARY
A experienced Python Developer with 5+ years of experience in the software industry, specialized in building robust web scrapers and delivering high-quality business value.

SKILLS
Django, Web Scraping, Flask, Git, SQL, Automation, Docker

EXPERIENCE
Automation & Python Engineer | NexGen Enterprises (2021 - Present)
- Automated system reports and data processing workflows, reducing manual operations by 20 hours a week.
- Configuring and orchestrating tasks inside background worker queues.
- Setting up automated unit test suites using PyTest to ensure system stability.

EDUCATION
Bachelor of Science in Computer Science
Metropolitan University (2014)",Python Developer
"David Taylor
Python Developer | Email: david.taylor@example.com | Phone: +1-555-803-4077

SUMMARY
A highly efficient Python Developer with 6+ years of experience in the software industry, specialized in writing backend web APIs and delivering high-quality business value.

SKILLS
Web Scraping, SQL, Pandas, Django, Automation, Flask

EXPERIENCE
Python Developer | TechCorp Solutions (2022 - Present)
- Built clean and maintainable Python packages for internal data parsing and math utilities.
- Setting up automated unit test suites using PyTest to ensure system stability.
- Creating scalable backend architectures and writing database migrations.

EDUCATION
Bachelor of Science in Computer Science
Tech University (2012)",Python Developer
"William Garcia
Software Engineer - Python | Email: william.garcia@example.com | Phone: +1-555-888-2369

SUMMARY
A highly efficient Software Engineer - Python with 3+ years of experience in the software industry, specialized in writing backend web APIs and delivering high-quality business value.

SKILLS
Automation, Git, NumPy, Django, FastAPI, Flask

EXPERIENCE
Software Engineer - Python | Alpha Consulting (2022 - Present)
- Automated system reports and data processing workflows, reducing manual operations by 20 hours a week.
- Setting up automated unit test suites using PyTest to ensure system stability.
- Configuring and orchestrating tasks inside background worker queues.

EDUCATION
MS in Software Engineering
State University of Technology (2015)",Python Developer
"John Jackson
Automation & Python Engineer | Email: john.jackson@example.com | Phone: +1-555-808-5382

SUMMARY
A problem-solving Automation & Python Engineer with 3+ years of experience in the software industry, specialized in writing backend web APIs and delivering high-quality business value.

SKILLS
Automation, PyTest, Django, Docker, Pandas, Flask

EXPERIENCE
Python Developer | TechCorp Solutions (2019 - Present)
- Automated system reports and data processing workflows, reducing manual operations by 20 hours a week.
- Setting up automated unit test suites using PyTest to ensure system stability.
- Configuring and orchestrating tasks inside background worker queues.

EDUCATION
MS in Information Technology
Metropolitan University (2016)",Python Developer
"Joseph Taylor
Software Engineer - Python | Email: joseph.taylor@example.com | Phone: +1-555-803-2841

SUMMARY
A highly efficient Software Engineer - Python with 5+ years of experience in the software industry, specialized in writing backend web APIs and delivering high-quality business value.

SKILLS
PyTest, NumPy, Django, REST APIs, Git, SQL

EXPERIENCE
Python Developer | Apex Global (2018 - Present)
- Automated system reports and data processing workflows, reducing manual operations by 20 hours a week.
- Creating scalable backend architectures and writing database migrations.
- Setting up automated unit test suites using PyTest to ensure system stability.

EDUCATION
Bachelor of Science in Information Systems
Metropolitan University (2014)",Python Developer
"Ashley Jones
Software Developer in Test (SDET) | Email: ashley.jones@example.com | Phone: +1-555-783-5940

SUMMARY
A detail-oriented Software Developer in Test (SDET) with 3+ years of experience in the software industry, specialized in designing manual test specs and delivering high-quality business value.

SKILLS
Postman, Manual Testing, QA Automation, Cypress, API Testing, Selenium, CI/CD

EXPERIENCE
QA Automation Engineer | CloudDynamics (2020 - Present)
- Discovered and logged critical security flaws and performance leaks in JIRA, reducing production hotfixes.
- Partnering with development engineers to align code structures with testing models.
- Testing backend API structures using Postman scripts and parameter variations.

EDUCATION
Bachelor of Science in Computer Science
Tech University (2018)",QA Engineer
"Thomas Jones
QA Automation Engineer | Email: thomas.jones@example.com | Phone: +1-555-192-6292

SUMMARY
A quality-driven QA Automation Engineer with 4+ years of experience in the software industry, specialized in performing end-to-end regression testing and delivering high-quality business value.

SKILLS
Postman, API Testing, CI/CD, Bug Tracking, QA Automation, Manual Testing, JUnit

EXPERIENCE
Senior QA Specialist | CloudDynamics (2019 - Present)
- Discovered and logged critical security flaws and performance leaks in JIRA, reducing production hotfixes.
- Testing backend API structures using Postman scripts and parameter variations.
- Partnering with development engineers to align code structures with testing models.

EDUCATION
Bachelor of Science in Information Systems
Western Engineering College (2019)",QA Engineer
"Stephanie Jackson
Senior QA Specialist | Email: stephanie.jackson@example.com | Phone: +1-555-941-4770

SUMMARY
A meticulous Senior QA Specialist with 5+ years of experience in the software industry, specialized in performing end-to-end regression testing and delivering high-quality business value.

SKILLS
Cypress, PyTest, Manual Testing, Selenium, CI/CD, Postman, JUnit, Bug Tracking

EXPERIENCE
QA Automation Engineer | CloudDynamics (2018 - Present)
- Wrote comprehensive test plans and executed sanity and boundary regression test cases.
- Partnering with development engineers to align code structures with testing models.
- Creating detail-rich bug tickets and verifying resolved issues through validation testing.

EDUCATION
Bachelor of Engineering
Institute of Science & Tech (2014)",QA Engineer
"Stephanie Thomas
QA Automation Engineer | Email: stephanie.thomas@example.com | Phone: +1-555-348-4452

SUMMARY
A meticulous QA Automation Engineer with 3+ years of experience in the software industry, specialized in increasing test coverage metrics and delivering high-quality business value.

SKILLS
JUnit, API Testing, Selenium, Bug Tracking, CI/CD, JIRA, Manual Testing, QA Automation

EXPERIENCE
QA Automation Engineer | Alpha Consulting (2022 - Present)
- Designed and implemented an automated testing framework using Selenium, increasing test coverage by 60%.
- Creating detail-rich bug tickets and verifying resolved issues through validation testing.
- Partnering with development engineers to align code structures with testing models.

EDUCATION
MS in Information Technology
Tech University (2015)",QA Engineer
"Robert Smith
QA Automation Engineer | Email: robert.smith@example.com | Phone: +1-555-682-7823

SUMMARY
A quality-driven QA Automation Engineer with 5+ years of experience in the software industry, specialized in performing end-to-end regression testing and delivering high-quality business value.

SKILLS
JIRA, QA Automation, Postman, API Testing, Manual Testing, JUnit, PyTest, Selenium

EXPERIENCE
QA Automation Engineer | WebFlow Digital (2018 - Present)
- Designed and implemented an automated testing framework using Selenium, increasing test coverage by 60%.
- Testing backend API structures using Postman scripts and parameter variations.
- Creating detail-rich bug tickets and verifying resolved issues through validation testing.

EDUCATION
Bachelor of Science in Information Systems
State University of Technology (2020)",QA Engineer
"David Smith
Software Developer in Test (SDET) | Email: david.smith@example.com | Phone: +1-555-505-7940

SUMMARY
A methodical Software Developer in Test (SDET) with 4+ years of experience in the software industry, specialized in designing manual test specs and delivering high-quality business value.

SKILLS
PyTest, API Testing, JUnit, QA Automation, Selenium, Postman, CI/CD, Cypress

EXPERIENCE
Software Developer in Test (SDET) | DataSystems Inc. (2021 - Present)
- Designed and implemented an automated testing framework using Selenium, increasing test coverage by 60%.
- Creating detail-rich bug tickets and verifying resolved issues through validation testing.
- Partnering with development engineers to align code structures with testing models.

EDUCATION
MS in Information Technology
National Science University (2020)",QA Engineer
"Heather Williams
Senior QA Specialist | Email: heather.williams@example.com | Phone: +1-555-936-8674

SUMMARY
A detail-oriented Senior QA Specialist with 6+ years of experience in the software industry, specialized in performing end-to-end regression testing and delivering high-quality business value.

SKILLS
Selenium, Manual Testing, API Testing, PyTest, JUnit, CI/CD

EXPERIENCE
Senior QA Specialist | InnovateSoft (2018 - Present)
- Wrote comprehensive test plans and executed sanity and boundary regression test cases.
- Creating detail-rich bug tickets and verifying resolved issues through validation testing.
- Testing backend API structures using Postman scripts and parameter variations.

EDUCATION
Bachelor of Engineering
State University of Technology (2020)",QA Engineer
"Michael Williams
Senior QA Specialist | Email: michael.williams@example.com | Phone: +1-555-316-1179

SUMMARY
A quality-driven Senior QA Specialist with 3+ years of experience in the software industry, specialized in increasing test coverage metrics and delivering high-quality business value.

SKILLS
QA Automation, Cypress, Selenium, Postman, JIRA, API Testing

EXPERIENCE
Senior QA Specialist | Apex Global (2018 - Present)
- Designed and implemented an automated testing framework using Selenium, increasing test coverage by 60%.
- Partnering with development engineers to align code structures with testing models.
- Testing backend API structures using Postman scripts and parameter variations.

EDUCATION
MS in Software Engineering
Western Engineering College (2015)",QA Engineer
"Sarah Taylor
QA Automation Engineer | Email: sarah.taylor@example.com | Phone: +1-555-843-6830

SUMMARY
A meticulous QA Automation Engineer with 6+ years of experience in the software industry, specialized in designing manual test specs and delivering high-quality business value.

SKILLS
JIRA, Cypress, CI/CD, JUnit, Selenium, QA Automation, PyTest, Manual Testing

EXPERIENCE
Senior QA Specialist | NexGen Enterprises (2018 - Present)
- Integrated test runners into GitLab CI pipeline, preventing bug leaks in production releases.
- Creating detail-rich bug tickets and verifying resolved issues through validation testing.
- Partnering with development engineers to align code structures with testing models.

EDUCATION
Bachelor of Science in Computer Science
National Science University (2013)",QA Engineer
"Joseph Davis
Software Developer in Test (SDET) | Email: joseph.davis@example.com | Phone: +1-555-926-3307

SUMMARY
A quality-driven Software Developer in Test (SDET) with 6+ years of experience in the software industry, specialized in designing manual test specs and delivering high-quality business value.

SKILLS
Manual Testing, QA Automation, CI/CD, API Testing, Selenium, JIRA

EXPERIENCE
QA Automation Engineer | SecureNet Solutions (2019 - Present)
- Designed and implemented an automated testing framework using Selenium, increasing test coverage by 60%.
- Creating detail-rich bug tickets and verifying resolved issues through validation testing.
- Partnering with development engineers to align code structures with testing models.

EDUCATION
Bachelor of Science in Computer Science
Tech University (2014)",QA Engineer
"Charles Jackson
Senior QA Specialist | Email: charles.jackson@example.com | Phone: +1-555-988-2428

SUMMARY
A meticulous Senior QA Specialist with 4+ years of experience in the software industry, specialized in performing end-to-end regression testing and delivering high-quality business value.

SKILLS
QA Automation, JUnit, Cypress, CI/CD, Postman, Bug Tracking

EXPERIENCE
QA Automation Engineer | Apex Global (2018 - Present)
- Integrated test runners into GitLab CI pipeline, preventing bug leaks in production releases.
- Testing backend API structures using Postman scripts and parameter variations.
- Partnering with development engineers to align code structures with testing models.

EDUCATION
Bachelor of Engineering
Institute of Science & Tech (2016)",QA Engineer
"Amanda Jones
QA Automation Engineer | Email: amanda.jones@example.com | Phone: +1-555-226-8999

SUMMARY
A detail-oriented QA Automation Engineer with 6+ years of experience in the software industry, specialized in designing manual test specs and delivering high-quality business value.

SKILLS
Bug Tracking, JUnit, Postman, Manual Testing, QA Automation, API Testing, CI/CD

EXPERIENCE
Software Developer in Test (SDET) | Apex Global (2018 - Present)
- Discovered and logged critical security flaws and performance leaks in JIRA, reducing production hotfixes.
- Testing backend API structures using Postman scripts and parameter variations.
- Partnering with development engineers to align code structures with testing models.

EDUCATION
Bachelor of Engineering
National Science University (2012)",QA Engineer
"Heather Johnson
Software Developer in Test (SDET) | Email: heather.johnson@example.com | Phone: +1-555-858-5011

SUMMARY
A meticulous Software Developer in Test (SDET) with 3+ years of experience in the software industry, specialized in increasing test coverage metrics and delivering high-quality business value.

SKILLS
API Testing, JUnit, CI/CD, Cypress, Postman, PyTest, Manual Testing

EXPERIENCE
Senior QA Specialist | InnovateSoft (2020 - Present)
- Discovered and logged critical security flaws and performance leaks in JIRA, reducing production hotfixes.
- Testing backend API structures using Postman scripts and parameter variations.
- Partnering with development engineers to align code structures with testing models.

EDUCATION
Bachelor of Science in Computer Science
Tech University (2014)",QA Engineer
"Michael Taylor
QA Automation Engineer | Email: michael.taylor@example.com | Phone: +1-555-886-8096

SUMMARY
A methodical QA Automation Engineer with 3+ years of experience in the software industry, specialized in designing manual test specs and delivering high-quality business value.

SKILLS
Manual Testing, Bug Tracking, Postman, PyTest, CI/CD, API Testing, JIRA

EXPERIENCE
Senior QA Specialist | InnovateSoft (2020 - Present)
- Designed and implemented an automated testing framework using Selenium, increasing test coverage by 60%.
- Testing backend API structures using Postman scripts and parameter variations.
- Creating detail-rich bug tickets and verifying resolved issues through validation testing.

EDUCATION
MS in Software Engineering
State University of Technology (2015)",QA Engineer
"Sarah Thompson
QA Automation Engineer | Email: sarah.thompson@example.com | Phone: +1-555-132-7230

SUMMARY
A detail-oriented QA Automation Engineer with 6+ years of experience in the software industry, specialized in performing end-to-end regression testing and delivering high-quality business value.

SKILLS
Selenium, PyTest, CI/CD, API Testing, JUnit, Postman

EXPERIENCE
QA Automation Engineer | CloudDynamics (2018 - Present)
- Designed and implemented an automated testing framework using Selenium, increasing test coverage by 60%.
- Partnering with development engineers to align code structures with testing models.
- Testing backend API structures using Postman scripts and parameter variations.

EDUCATION
Bachelor of Science in Computer Science
Metropolitan University (2019)",QA Engineer
"Ashley Martin
QA Automation Engineer | Email: ashley.martin@example.com | Phone: +1-555-319-5250

SUMMARY
A meticulous QA Automation Engineer with 6+ years of experience in the software industry, specialized in building robust automated testing frameworks and delivering high-quality business value.

SKILLS
QA Automation, JUnit, PyTest, Manual Testing, JIRA, API Testing, Postman

EXPERIENCE
Software Developer in Test (SDET) | ByteWise Technologies (2019 - Present)
- Discovered and logged critical security flaws and performance leaks in JIRA, reducing production hotfixes.
- Partnering with development engineers to align code structures with testing models.
- Testing backend API structures using Postman scripts and parameter variations.

EDUCATION
Bachelor of Science in Computer Science
Western Engineering College (2015)",QA Engineer
"Robert Thompson
Senior QA Specialist | Email: robert.thompson@example.com | Phone: +1-555-731-3369

SUMMARY
A detail-oriented Senior QA Specialist with 5+ years of experience in the software industry, specialized in building robust automated testing frameworks and delivering high-quality business value.

SKILLS
JUnit, Postman, Manual Testing, Cypress, API Testing, JIRA, PyTest

EXPERIENCE
Software Developer in Test (SDET) | WebFlow Digital (2022 - Present)
- Designed and implemented an automated testing framework using Selenium, increasing test coverage by 60%.
- Partnering with development engineers to align code structures with testing models.
- Creating detail-rich bug tickets and verifying resolved issues through validation testing.

EDUCATION
MS in Software Engineering
National Science University (2013)",QA Engineer
"John Davis
Senior QA Specialist | Email: john.davis@example.com | Phone: +1-555-863-4074

SUMMARY
A quality-driven Senior QA Specialist with 5+ years of experience in the software industry, specialized in performing end-to-end regression testing and delivering high-quality business value.

SKILLS
PyTest, CI/CD, Selenium, Manual Testing, API Testing, JUnit, JIRA

EXPERIENCE
Software Developer in Test (SDET) | WebFlow Digital (2020 - Present)
- Designed and implemented an automated testing framework using Selenium, increasing test coverage by 60%.
- Testing backend API structures using Postman scripts and parameter variations.
- Partnering with development engineers to align code structures with testing models.

EDUCATION
MS in Software Engineering
Institute of Science & Tech (2018)",QA Engineer
"Emily Anderson
Senior QA Specialist | Email: emily.anderson@example.com | Phone: +1-555-948-9887

SUMMARY
A detail-oriented Senior QA Specialist with 5+ years of experience in the software industry, specialized in building robust automated testing frameworks and delivering high-quality business value.

SKILLS
API Testing, Manual Testing, JUnit, JIRA, QA Automation, PyTest, Bug Tracking

EXPERIENCE
Software Developer in Test (SDET) | WebFlow Digital (2021 - Present)
- Wrote comprehensive test plans and executed sanity and boundary regression test cases.
- Testing backend API structures using Postman scripts and parameter variations.
- Creating detail-rich bug tickets and verifying resolved issues through validation testing.

EDUCATION
Bachelor of Science in Computer Science
Tech University (2013)",QA Engineer
"James White
Senior QA Specialist | Email: james.white@example.com | Phone: +1-555-521-2698

SUMMARY
A meticulous Senior QA Specialist with 3+ years of experience in the software industry, specialized in performing end-to-end regression testing and delivering high-quality business value.

SKILLS
QA Automation, API Testing, PyTest, JIRA, Bug Tracking, Postman, CI/CD, Manual Testing

EXPERIENCE
Senior QA Specialist | InnovateSoft (2019 - Present)
- Designed and implemented an automated testing framework using Selenium, increasing test coverage by 60%.
- Partnering with development engineers to align code structures with testing models.
- Testing backend API structures using Postman scripts and parameter variations.

EDUCATION
MS in Software Engineering
National Science University (2018)",QA Engineer
"James Anderson
Software Developer in Test (SDET) | Email: james.anderson@example.com | Phone: +1-555-900-4668

SUMMARY
A detail-oriented Software Developer in Test (SDET) with 4+ years of experience in the software industry, specialized in designing manual test specs and delivering high-quality business value.

SKILLS
API Testing, PyTest, Selenium, CI/CD, JIRA, Postman, Manual Testing

EXPERIENCE
Software Developer in Test (SDET) | CloudDynamics (2020 - Present)
- Wrote comprehensive test plans and executed sanity and boundary regression test cases.
- Partnering with development engineers to align code structures with testing models.
- Creating detail-rich bug tickets and verifying resolved issues through validation testing.

EDUCATION
Bachelor of Science in Information Systems
Institute of Science & Tech (2015)",QA Engineer
"Stephanie Taylor
QA Automation Engineer | Email: stephanie.taylor@example.com | Phone: +1-555-297-7444

SUMMARY
A methodical QA Automation Engineer with 6+ years of experience in the software industry, specialized in increasing test coverage metrics and delivering high-quality business value.

SKILLS
JUnit, API Testing, Manual Testing, CI/CD, PyTest, Cypress, Selenium, JIRA

EXPERIENCE
Software Developer in Test (SDET) | ByteWise Technologies (2018 - Present)
- Discovered and logged critical security flaws and performance leaks in JIRA, reducing production hotfixes.
- Testing backend API structures using Postman scripts and parameter variations.
- Partnering with development engineers to align code structures with testing models.

EDUCATION
Bachelor of Science in Information Systems
State University of Technology (2017)",QA Engineer
"Richard Williams
Senior QA Specialist | Email: richard.williams@example.com | Phone: +1-555-195-1420

SUMMARY
A meticulous Senior QA Specialist with 3+ years of experience in the software industry, specialized in increasing test coverage metrics and delivering high-quality business value.

SKILLS
JIRA, Cypress, API Testing, Selenium, Manual Testing, CI/CD, Bug Tracking, PyTest

EXPERIENCE
QA Automation Engineer | Apex Global (2019 - Present)
- Integrated test runners into GitLab CI pipeline, preventing bug leaks in production releases.
- Partnering with development engineers to align code structures with testing models.
- Creating detail-rich bug tickets and verifying resolved issues through validation testing.

EDUCATION
Bachelor of Science in Information Systems
State University of Technology (2018)",QA Engineer
"Thomas Johnson
QA Automation Engineer | Email: thomas.johnson@example.com | Phone: +1-555-381-2359

SUMMARY
A meticulous QA Automation Engineer with 3+ years of experience in the software industry, specialized in building robust automated testing frameworks and delivering high-quality business value.

SKILLS
Bug Tracking, Cypress, CI/CD, JUnit, Postman, API Testing, JIRA

EXPERIENCE
Senior QA Specialist | InnovateSoft (2018 - Present)
- Wrote comprehensive test plans and executed sanity and boundary regression test cases.
- Creating detail-rich bug tickets and verifying resolved issues through validation testing.
- Partnering with development engineers to align code structures with testing models.

EDUCATION
Bachelor of Science in Computer Science
Institute of Science & Tech (2012)",QA Engineer
"Ashley Williams
QA Automation Engineer | Email: ashley.williams@example.com | Phone: +1-555-598-2250

SUMMARY
A methodical QA Automation Engineer with 4+ years of experience in the software industry, specialized in performing end-to-end regression testing and delivering high-quality business value.

SKILLS
Postman, JUnit, Bug Tracking, QA Automation, Selenium, Cypress, CI/CD, API Testing

EXPERIENCE
Senior QA Specialist | InnovateSoft (2020 - Present)
- Discovered and logged critical security flaws and performance leaks in JIRA, reducing production hotfixes.
- Testing backend API structures using Postman scripts and parameter variations.
- Creating detail-rich bug tickets and verifying resolved issues through validation testing.

EDUCATION
MS in Information Technology
Western Engineering College (2016)",QA Engineer
"Michael Davis
Software Developer in Test (SDET) | Email: michael.davis@example.com | Phone: +1-555-720-1484

SUMMARY
A meticulous Software Developer in Test (SDET) with 5+ years of experience in the software industry, specialized in increasing test coverage metrics and delivering high-quality business value.

SKILLS
Cypress, PyTest, Selenium, Manual Testing, CI/CD, API Testing, JIRA

EXPERIENCE
Senior QA Specialist | CloudDynamics (2020 - Present)
- Discovered and logged critical security flaws and performance leaks in JIRA, reducing production hotfixes.
- Creating detail-rich bug tickets and verifying resolved issues through validation testing.
- Testing backend API structures using Postman scripts and parameter variations.

EDUCATION
Bachelor of Engineering
National Science University (2020)",QA Engineer
"Charles Hernandez
Senior QA Specialist | Email: charles.hernandez@example.com | Phone: +1-555-863-9123

SUMMARY
A methodical Senior QA Specialist with 4+ years of experience in the software industry, specialized in increasing test coverage metrics and delivering high-quality business value.

SKILLS
PyTest, QA Automation, API Testing, Cypress, Bug Tracking, JIRA

EXPERIENCE
QA Automation Engineer | WebFlow Digital (2019 - Present)
- Discovered and logged critical security flaws and performance leaks in JIRA, reducing production hotfixes.
- Partnering with development engineers to align code structures with testing models.
- Testing backend API structures using Postman scripts and parameter variations.

EDUCATION
MS in Software Engineering
Western Engineering College (2016)",QA Engineer
"Sarah White
Senior QA Specialist | Email: sarah.white@example.com | Phone: +1-555-210-7275

SUMMARY
A quality-driven Senior QA Specialist with 4+ years of experience in the software industry, specialized in designing manual test specs and delivering high-quality business value.

SKILLS
Cypress, Postman, JUnit, Selenium, QA Automation, JIRA, API Testing, PyTest

EXPERIENCE
Software Developer in Test (SDET) | WebFlow Digital (2022 - Present)
- Wrote comprehensive test plans and executed sanity and boundary regression test cases.
- Partnering with development engineers to align code structures with testing models.
- Creating detail-rich bug tickets and verifying resolved issues through validation testing.

EDUCATION
Bachelor of Science in Computer Science
State University of Technology (2017)",QA Engineer
"Ashley Miller
QA Automation Engineer | Email: ashley.miller@example.com | Phone: +1-555-466-5019

SUMMARY
A quality-driven QA Automation Engineer with 4+ years of experience in the software industry, specialized in designing manual test specs and delivering high-quality business value.

SKILLS
Manual Testing, Cypress, Selenium, CI/CD, Postman, JIRA

EXPERIENCE
Senior QA Specialist | Apex Global (2019 - Present)
- Wrote comprehensive test plans and executed sanity and boundary regression test cases.
- Creating detail-rich bug tickets and verifying resolved issues through validation testing.
- Testing backend API structures using Postman scripts and parameter variations.

EDUCATION
MS in Software Engineering
Metropolitan University (2015)",QA Engineer
"Melissa Davis
Software Developer in Test (SDET) | Email: melissa.davis@example.com | Phone: +1-555-205-5555

SUMMARY
A meticulous Software Developer in Test (SDET) with 6+ years of experience in the software industry, specialized in performing end-to-end regression testing and delivering high-quality business value.

SKILLS
Manual Testing, PyTest, Bug Tracking, Selenium, API Testing, JIRA, CI/CD

EXPERIENCE
Senior QA Specialist | TechCorp Solutions (2020 - Present)
- Designed and implemented an automated testing framework using Selenium, increasing test coverage by 60%.
- Creating detail-rich bug tickets and verifying resolved issues through validation testing.
- Partnering with development engineers to align code structures with testing models.

EDUCATION
MS in Information Technology
Western Engineering College (2017)",QA Engineer
"Nicole Taylor
Senior QA Specialist | Email: nicole.taylor@example.com | Phone: +1-555-342-1348

SUMMARY
A meticulous Senior QA Specialist with 6+ years of experience in the software industry, specialized in building robust automated testing frameworks and delivering high-quality business value.

SKILLS
JUnit, API Testing, Selenium, JIRA, CI/CD, Manual Testing, Postman

EXPERIENCE
QA Automation Engineer | InnovateSoft (2021 - Present)
- Discovered and logged critical security flaws and performance leaks in JIRA, reducing production hotfixes.
- Testing backend API structures using Postman scripts and parameter variations.
- Partnering with development engineers to align code structures with testing models.

EDUCATION
Bachelor of Engineering
Metropolitan University (2017)",QA Engineer
"Jessica Williams
Senior QA Specialist | Email: jessica.williams@example.com | Phone: +1-555-669-6131

SUMMARY
A meticulous Senior QA Specialist with 4+ years of experience in the software industry, specialized in performing end-to-end regression testing and delivering high-quality business value.

SKILLS
Postman, CI/CD, Cypress, Manual Testing, QA Automation, Selenium, Bug Tracking, JIRA

EXPERIENCE
QA Automation Engineer | TechCorp Solutions (2018 - Present)
- Designed and implemented an automated testing framework using Selenium, increasing test coverage by 60%.
- Partnering with development engineers to align code structures with testing models.
- Testing backend API structures using Postman scripts and parameter variations.

EDUCATION
MS in Information Technology
State University of Technology (2013)",QA Engineer
"Richard Anderson
QA Automation Engineer | Email: richard.anderson@example.com | Phone: +1-555-935-9807

SUMMARY
A meticulous QA Automation Engineer with 3+ years of experience in the software industry, specialized in designing manual test specs and delivering high-quality business value.

SKILLS
Selenium, QA Automation, Cypress, Bug Tracking, JUnit, Manual Testing

EXPERIENCE
Senior QA Specialist | NexGen Enterprises (2021 - Present)
- Integrated test runners into GitLab CI pipeline, preventing bug leaks in production releases.
- Creating detail-rich bug tickets and verifying resolved issues through validation testing.
- Partnering with development engineers to align code structures with testing models.

EDUCATION
Bachelor of Science in Computer Science
State University of Technology (2017)",QA Engineer
"William Thompson
Software Developer in Test (SDET) | Email: william.thompson@example.com | Phone: +1-555-970-7771

SUMMARY
A methodical Software Developer in Test (SDET) with 5+ years of experience in the software industry, specialized in building robust automated testing frameworks and delivering high-quality business value.

SKILLS
Postman, CI/CD, QA Automation, Manual Testing, API Testing, Bug Tracking, PyTest, Cypress

EXPERIENCE
Senior QA Specialist | InnovateSoft (2020 - Present)
- Designed and implemented an automated testing framework using Selenium, increasing test coverage by 60%.
- Partnering with development engineers to align code structures with testing models.
- Creating detail-rich bug tickets and verifying resolved issues through validation testing.

EDUCATION
MS in Information Technology
National Science University (2013)",QA Engineer
"Robert Moore
QA Automation Engineer | Email: robert.moore@example.com | Phone: +1-555-161-4481

SUMMARY
A quality-driven QA Automation Engineer with 6+ years of experience in the software industry, specialized in performing end-to-end regression testing and delivering high-quality business value.

SKILLS
Postman, Cypress, Manual Testing, PyTest, API Testing, QA Automation

EXPERIENCE
Senior QA Specialist | ByteWise Technologies (2022 - Present)
- Wrote comprehensive test plans and executed sanity and boundary regression test cases.
- Testing backend API structures using Postman scripts and parameter variations.
- Partnering with development engineers to align code structures with testing models.

EDUCATION
MS in Information Technology
Western Engineering College (2013)",QA Engineer
"William Garcia
Senior QA Specialist | Email: william.garcia@example.com | Phone: +1-555-472-7317

SUMMARY
A quality-driven Senior QA Specialist with 5+ years of experience in the software industry, specialized in performing end-to-end regression testing and delivering high-quality business value.

SKILLS
QA Automation, API Testing, JUnit, CI/CD, Bug Tracking, Postman

EXPERIENCE
Senior QA Specialist | InnovateSoft (2019 - Present)
- Designed and implemented an automated testing framework using Selenium, increasing test coverage by 60%.
- Testing backend API structures using Postman scripts and parameter variations.
- Creating detail-rich bug tickets and verifying resolved issues through validation testing.

EDUCATION
MS in Information Technology
Tech University (2019)",QA Engineer
"David Rodriguez
Software Developer in Test (SDET) | Email: david.rodriguez@example.com | Phone: +1-555-129-8802

SUMMARY
A methodical Software Developer in Test (SDET) with 4+ years of experience in the software industry, specialized in designing manual test specs and delivering high-quality business value.

SKILLS
JIRA, Cypress, Manual Testing, API Testing, Bug Tracking, Postman

EXPERIENCE
Senior QA Specialist | SecureNet Solutions (2022 - Present)
- Wrote comprehensive test plans and executed sanity and boundary regression test cases.
- Creating detail-rich bug tickets and verifying resolved issues through validation testing.
- Partnering with development engineers to align code structures with testing models.

EDUCATION
Bachelor of Engineering
Metropolitan University (2013)",QA Engineer
"John Taylor
QA Automation Engineer | Email: john.taylor@example.com | Phone: +1-555-849-7923

SUMMARY
A detail-oriented QA Automation Engineer with 6+ years of experience in the software industry, specialized in increasing test coverage metrics and delivering high-quality business value.

SKILLS
Bug Tracking, QA Automation, JIRA, Postman, CI/CD, PyTest

EXPERIENCE
Software Developer in Test (SDET) | InnovateSoft (2018 - Present)
- Integrated test runners into GitLab CI pipeline, preventing bug leaks in production releases.
- Creating detail-rich bug tickets and verifying resolved issues through validation testing.
- Testing backend API structures using Postman scripts and parameter variations.

EDUCATION
Bachelor of Science in Computer Science
Tech University (2012)",QA Engineer
"Nicole Rodriguez
Software Developer in Test (SDET) | Email: nicole.rodriguez@example.com | Phone: +1-555-344-2078

SUMMARY
A meticulous Software Developer in Test (SDET) with 5+ years of experience in the software industry, specialized in designing manual test specs and delivering high-quality business value.

SKILLS
API Testing, CI/CD, Bug Tracking, Cypress, Postman, Manual Testing, JUnit, PyTest

EXPERIENCE
QA Automation Engineer | DataSystems Inc. (2019 - Present)
- Wrote comprehensive test plans and executed sanity and boundary regression test cases.
- Testing backend API structures using Postman scripts and parameter variations.
- Partnering with development engineers to align code structures with testing models.

EDUCATION
Bachelor of Science in Information Systems
Metropolitan University (2012)",QA Engineer
"Michael Miller
Software Developer in Test (SDET) | Email: michael.miller@example.com | Phone: +1-555-615-8811

SUMMARY
A detail-oriented Software Developer in Test (SDET) with 5+ years of experience in the software industry, specialized in increasing test coverage metrics and delivering high-quality business value.

SKILLS
CI/CD, Cypress, JUnit, JIRA, Postman, PyTest, Bug Tracking

EXPERIENCE
Senior QA Specialist | TechCorp Solutions (2021 - Present)
- Wrote comprehensive test plans and executed sanity and boundary regression test cases.
- Creating detail-rich bug tickets and verifying resolved issues through validation testing.
- Testing backend API structures using Postman scripts and parameter variations.

EDUCATION
Bachelor of Engineering
Tech University (2014)",QA Engineer
"James White
Security Engineer | Email: james.white@example.com | Phone: +1-555-460-8763

SUMMARY
A security-focused Security Engineer with 5+ years of experience in the software industry, specialized in enforcing safety compliance policies and delivering high-quality business value.

SKILLS
Kali Linux, Penetration Testing, Vulnerability Scanning, Firewalls, SIEM, Metasploit, Compliance

EXPERIENCE
Cybersecurity Analyst | ByteWise Technologies (2022 - Present)
- Configured and managed corporate SIEM dashboard to identify and isolate active network threats.
- Monitoring active security logs and investigating potential network breach behaviors.
- Enforcing security best practices for password hashing and data access controls.

EDUCATION
Bachelor of Engineering
National Science University (2017)",Security Analyst
"Amanda Moore
Security Engineer | Email: amanda.moore@example.com | Phone: +1-555-852-6747

SUMMARY
A highly vigilant Security Engineer with 3+ years of experience in the software industry, specialized in enforcing safety compliance policies and delivering high-quality business value.

SKILLS
Network Security, Penetration Testing, SIEM, Metasploit, Compliance, Cryptography, Wireshark

EXPERIENCE
Security Engineer | InnovateSoft (2020 - Present)
- Conducted network security audits and penetration tests, identifying and patching critical system openings.
- Monitoring active security logs and investigating potential network breach behaviors.
- Ensuring servers, firewalls, and network configurations are patched and secure.

EDUCATION
MS in Information Technology
National Science University (2014)",Security Analyst
"Emily Moore
Security Engineer | Email: emily.moore@example.com | Phone: +1-555-131-5003

SUMMARY
A alert Security Engineer with 5+ years of experience in the software industry, specialized in performing risk penetration auditing and delivering high-quality business value.

SKILLS
Kali Linux, Wireshark, Cryptography, SIEM, Penetration Testing, Metasploit, Vulnerability Scanning, Firewalls

EXPERIENCE
Security Engineer | CloudDynamics (2020 - Present)
- Established corporate-wide security compliance frameworks, resolving audit gaps.
- Ensuring servers, firewalls, and network configurations are patched and secure.
- Enforcing security best practices for password hashing and data access controls.

EDUCATION
Bachelor of Science in Information Systems
Institute of Science & Tech (2016)",Security Analyst
"Charles Davis
Security Engineer | Email: charles.davis@example.com | Phone: +1-555-142-9520

SUMMARY
A highly vigilant Security Engineer with 6+ years of experience in the software industry, specialized in identifying security vulnerabilities and delivering high-quality business value.

SKILLS
Compliance, SIEM, Firewalls, Penetration Testing, Cryptography, Wireshark, Kali Linux

EXPERIENCE
Security Engineer | Alpha Consulting (2019 - Present)
- Established corporate-wide security compliance frameworks, resolving audit gaps.
- Enforcing security best practices for password hashing and data access controls.
- Monitoring active security logs and investigating potential network breach behaviors.

EDUCATION
Bachelor of Engineering
Institute of Science & Tech (2016)",Security Analyst
"Robert Wilson
Cybersecurity Analyst | Email: robert.wilson@example.com | Phone: +1-555-115-8436

SUMMARY
A analytical Cybersecurity Analyst with 4+ years of experience in the software industry, specialized in performing risk penetration auditing and delivering high-quality business value.

SKILLS
Network Security, Firewalls, Penetration Testing, Wireshark, Metasploit, Compliance

EXPERIENCE
Cybersecurity Analyst | TechCorp Solutions (2020 - Present)
- Established corporate-wide security compliance frameworks, resolving audit gaps.
- Ensuring servers, firewalls, and network configurations are patched and secure.
- Monitoring active security logs and investigating potential network breach behaviors.

EDUCATION
Bachelor of Science in Computer Science
National Science University (2016)",Security Analyst
"William Davis
Information Security Specialist | Email: william.davis@example.com | Phone: +1-555-542-2322

SUMMARY
A analytical Information Security Specialist with 6+ years of experience in the software industry, specialized in identifying security vulnerabilities and delivering high-quality business value.

SKILLS
Wireshark, Cryptography, Vulnerability Scanning, Compliance, Penetration Testing, Metasploit, Firewalls

EXPERIENCE
Cybersecurity Analyst | NexGen Enterprises (2020 - Present)
- Designed and held staff workshops on cyber hygiene and corporate phishing awareness.
- Enforcing security best practices for password hashing and data access controls.
- Ensuring servers, firewalls, and network configurations are patched and secure.

EDUCATION
Bachelor of Science in Information Systems
State University of Technology (2015)",Security Analyst
"Thomas Jones
Information Security Specialist | Email: thomas.jones@example.com | Phone: +1-555-526-4268

SUMMARY
A highly vigilant Information Security Specialist with 3+ years of experience in the software industry, specialized in identifying security vulnerabilities and delivering high-quality business value.

SKILLS
Network Security, Vulnerability Scanning, Metasploit, Wireshark, Cryptography, Penetration Testing, Kali Linux, Compliance

EXPERIENCE
Security Engineer | Alpha Consulting (2020 - Present)
- Established corporate-wide security compliance frameworks, resolving audit gaps.
- Ensuring servers, firewalls, and network configurations are patched and secure.
- Enforcing security best practices for password hashing and data access controls.

EDUCATION
MS in Software Engineering
Institute of Science & Tech (2018)",Security Analyst
"Ashley Hernandez
Information Security Specialist | Email: ashley.hernandez@example.com | Phone: +1-555-128-1432

SUMMARY
A security-focused Information Security Specialist with 3+ years of experience in the software industry, specialized in designing secure firewall network guidelines and delivering high-quality business value.

SKILLS
Compliance, Vulnerability Scanning, SIEM, Kali Linux, Firewalls, Network Security

EXPERIENCE
Cybersecurity Analyst | NexGen Enterprises (2020 - Present)
- Designed and held staff workshops on cyber hygiene and corporate phishing awareness.
- Monitoring active security logs and investigating potential network breach behaviors.
- Ensuring servers, firewalls, and network configurations are patched and secure.

EDUCATION
Bachelor of Science in Computer Science
Institute of Science & Tech (2020)",Security Analyst
"Amanda Johnson
Information Security Specialist | Email: amanda.johnson@example.com | Phone: +1-555-186-1896

SUMMARY
A security-focused Information Security Specialist with 4+ years of experience in the software industry, specialized in performing risk penetration auditing and delivering high-quality business value.

SKILLS
Compliance, Network Security, SIEM, Cryptography, Penetration Testing, Vulnerability Scanning, Firewalls

EXPERIENCE
Cybersecurity Analyst | DataSystems Inc. (2022 - Present)
- Designed and held staff workshops on cyber hygiene and corporate phishing awareness.
- Monitoring active security logs and investigating potential network breach behaviors.
- Enforcing security best practices for password hashing and data access controls.

EDUCATION
MS in Information Technology
Metropolitan University (2016)",Security Analyst
"James Moore
Cybersecurity Analyst | Email: james.moore@example.com | Phone: +1-555-738-4288

SUMMARY
A security-focused Cybersecurity Analyst with 5+ years of experience in the software industry, specialized in identifying security vulnerabilities and delivering high-quality business value.

SKILLS
Kali Linux, Vulnerability Scanning, Compliance, Network Security, Cryptography, Penetration Testing, Wireshark, Firewalls

EXPERIENCE
Information Security Specialist | ByteWise Technologies (2021 - Present)
- Conducted network security audits and penetration tests, identifying and patching critical system openings.
- Monitoring active security logs and investigating potential network breach behaviors.
- Ensuring servers, firewalls, and network configurations are patched and secure.

EDUCATION
MS in Software Engineering
Institute of Science & Tech (2014)",Security Analyst
"Joseph Jackson
Security Engineer | Email: joseph.jackson@example.com | Phone: +1-555-366-8194

SUMMARY
A security-focused Security Engineer with 5+ years of experience in the software industry, specialized in enforcing safety compliance policies and delivering high-quality business value.

SKILLS
Penetration Testing, Metasploit, Vulnerability Scanning, Cryptography, SIEM, Kali Linux, Firewalls, Network Security

EXPERIENCE
Information Security Specialist | ByteWise Technologies (2019 - Present)
- Designed and held staff workshops on cyber hygiene and corporate phishing awareness.
- Ensuring servers, firewalls, and network configurations are patched and secure.
- Enforcing security best practices for password hashing and data access controls.

EDUCATION
Bachelor of Science in Computer Science
Western Engineering College (2019)",Security Analyst
"Emily Rodriguez
Security Engineer | Email: emily.rodriguez@example.com | Phone: +1-555-500-7321

SUMMARY
A security-focused Security Engineer with 6+ years of experience in the software industry, specialized in enforcing safety compliance policies and delivering high-quality business value.

SKILLS
Metasploit, Penetration Testing, Firewalls, Wireshark, Vulnerability Scanning, Network Security, Cryptography

EXPERIENCE
Information Security Specialist | TechCorp Solutions (2022 - Present)
- Conducted network security audits and penetration tests, identifying and patching critical system openings.
- Enforcing security best practices for password hashing and data access controls.
- Ensuring servers, firewalls, and network configurations are patched and secure.

EDUCATION
Bachelor of Science in Computer Science
Metropolitan University (2014)",Security Analyst
"Amanda Hernandez
Cybersecurity Analyst | Email: amanda.hernandez@example.com | Phone: +1-555-383-1149

SUMMARY
A highly vigilant Cybersecurity Analyst with 3+ years of experience in the software industry, specialized in designing secure firewall network guidelines and delivering high-quality business value.

SKILLS
Vulnerability Scanning, Cryptography, Kali Linux, Network Security, SIEM, Compliance, Metasploit, Wireshark

EXPERIENCE
Information Security Specialist | NexGen Enterprises (2020 - Present)
- Configured and managed corporate SIEM dashboard to identify and isolate active network threats.
- Ensuring servers, firewalls, and network configurations are patched and secure.
- Enforcing security best practices for password hashing and data access controls.

EDUCATION
MS in Software Engineering
Tech University (2019)",Security Analyst
"Jessica Moore
Security Engineer | Email: jessica.moore@example.com | Phone: +1-555-720-3955

SUMMARY
A highly vigilant Security Engineer with 3+ years of experience in the software industry, specialized in designing secure firewall network guidelines and delivering high-quality business value.

SKILLS
Compliance, SIEM, Cryptography, Penetration Testing, Network Security, Vulnerability Scanning, Kali Linux, Firewalls

EXPERIENCE
Information Security Specialist | InnovateSoft (2018 - Present)
- Designed and held staff workshops on cyber hygiene and corporate phishing awareness.
- Ensuring servers, firewalls, and network configurations are patched and secure.
- Monitoring active security logs and investigating potential network breach behaviors.

EDUCATION
MS in Information Technology
Tech University (2014)",Security Analyst
"Jessica Thomas
Security Engineer | Email: jessica.thomas@example.com | Phone: +1-555-165-2014

SUMMARY
A highly vigilant Security Engineer with 4+ years of experience in the software industry, specialized in identifying security vulnerabilities and delivering high-quality business value.

SKILLS
Kali Linux, Network Security, SIEM, Firewalls, Vulnerability Scanning, Penetration Testing, Compliance, Wireshark

EXPERIENCE
Information Security Specialist | InnovateSoft (2021 - Present)
- Configured and managed corporate SIEM dashboard to identify and isolate active network threats.
- Enforcing security best practices for password hashing and data access controls.
- Monitoring active security logs and investigating potential network breach behaviors.

EDUCATION
MS in Information Technology
Metropolitan University (2019)",Security Analyst
"Amanda Wilson
Security Engineer | Email: amanda.wilson@example.com | Phone: +1-555-330-4296

SUMMARY
A analytical Security Engineer with 5+ years of experience in the software industry, specialized in enforcing safety compliance policies and delivering high-quality business value.

SKILLS
Compliance, Penetration Testing, Kali Linux, Network Security, Vulnerability Scanning, Cryptography

EXPERIENCE
Information Security Specialist | TechCorp Solutions (2020 - Present)
- Conducted network security audits and penetration tests, identifying and patching critical system openings.
- Ensuring servers, firewalls, and network configurations are patched and secure.
- Monitoring active security logs and investigating potential network breach behaviors.

EDUCATION
Bachelor of Science in Information Systems
Institute of Science & Tech (2015)",Security Analyst
"Richard Thompson
Security Engineer | Email: richard.thompson@example.com | Phone: +1-555-947-8761

SUMMARY
A highly vigilant Security Engineer with 5+ years of experience in the software industry, specialized in performing risk penetration auditing and delivering high-quality business value.

SKILLS
Network Security, Cryptography, Vulnerability Scanning, Compliance, Penetration Testing, Firewalls

EXPERIENCE
Security Engineer | InnovateSoft (2019 - Present)
- Established corporate-wide security compliance frameworks, resolving audit gaps.
- Monitoring active security logs and investigating potential network breach behaviors.
- Enforcing security best practices for password hashing and data access controls.

EDUCATION
MS in Software Engineering
State University of Technology (2012)",Security Analyst
"Heather Jackson
Cybersecurity Analyst | Email: heather.jackson@example.com | Phone: +1-555-438-1369

SUMMARY
A highly vigilant Cybersecurity Analyst with 6+ years of experience in the software industry, specialized in performing risk penetration auditing and delivering high-quality business value.

SKILLS
SIEM, Kali Linux, Metasploit, Network Security, Penetration Testing, Firewalls, Vulnerability Scanning, Cryptography

EXPERIENCE
Information Security Specialist | NexGen Enterprises (2022 - Present)
- Designed and held staff workshops on cyber hygiene and corporate phishing awareness.
- Enforcing security best practices for password hashing and data access controls.
- Monitoring active security logs and investigating potential network breach behaviors.

EDUCATION
Bachelor of Science in Information Systems
National Science University (2013)",Security Analyst
"Nicole Moore
Cybersecurity Analyst | Email: nicole.moore@example.com | Phone: +1-555-369-1491

SUMMARY
A highly vigilant Cybersecurity Analyst with 3+ years of experience in the software industry, specialized in enforcing safety compliance policies and delivering high-quality business value.

SKILLS
SIEM, Penetration Testing, Metasploit, Kali Linux, Firewalls, Network Security

EXPERIENCE
Information Security Specialist | TechCorp Solutions (2019 - Present)
- Conducted network security audits and penetration tests, identifying and patching critical system openings.
- Enforcing security best practices for password hashing and data access controls.
- Monitoring active security logs and investigating potential network breach behaviors.

EDUCATION
Bachelor of Engineering
Tech University (2018)",Security Analyst
"Heather White
Cybersecurity Analyst | Email: heather.white@example.com | Phone: +1-555-182-8844

SUMMARY
A highly vigilant Cybersecurity Analyst with 4+ years of experience in the software industry, specialized in identifying security vulnerabilities and delivering high-quality business value.

SKILLS
Network Security, Vulnerability Scanning, Wireshark, SIEM, Metasploit, Compliance

EXPERIENCE
Cybersecurity Analyst | Alpha Consulting (2020 - Present)
- Conducted network security audits and penetration tests, identifying and patching critical system openings.
- Monitoring active security logs and investigating potential network breach behaviors.
- Enforcing security best practices for password hashing and data access controls.

EDUCATION
MS in Information Technology
Western Engineering College (2018)",Security Analyst
"James Jackson
Information Security Specialist | Email: james.jackson@example.com | Phone: +1-555-593-1854

SUMMARY
A alert Information Security Specialist with 6+ years of experience in the software industry, specialized in designing secure firewall network guidelines and delivering high-quality business value.

SKILLS
Cryptography, Vulnerability Scanning, Metasploit, Penetration Testing, Wireshark, Compliance, Network Security, Kali Linux

EXPERIENCE
Information Security Specialist | DataSystems Inc. (2020 - Present)
- Conducted network security audits and penetration tests, identifying and patching critical system openings.
- Monitoring active security logs and investigating potential network breach behaviors.
- Enforcing security best practices for password hashing and data access controls.

EDUCATION
Bachelor of Science in Computer Science
Western Engineering College (2012)",Security Analyst
"Joseph Thomas
Security Engineer | Email: joseph.thomas@example.com | Phone: +1-555-865-9785

SUMMARY
A security-focused Security Engineer with 5+ years of experience in the software industry, specialized in identifying security vulnerabilities and delivering high-quality business value.

SKILLS
Kali Linux, Penetration Testing, Metasploit, Wireshark, Compliance, Network Security

EXPERIENCE
Information Security Specialist | TechCorp Solutions (2020 - Present)
- Configured and managed corporate SIEM dashboard to identify and isolate active network threats.
- Ensuring servers, firewalls, and network configurations are patched and secure.
- Monitoring active security logs and investigating potential network breach behaviors.

EDUCATION
Bachelor of Science in Information Systems
Institute of Science & Tech (2019)",Security Analyst
"Michael Williams
Security Engineer | Email: michael.williams@example.com | Phone: +1-555-178-5099

SUMMARY
A analytical Security Engineer with 3+ years of experience in the software industry, specialized in enforcing safety compliance policies and delivering high-quality business value.

SKILLS
Network Security, Firewalls, SIEM, Cryptography, Vulnerability Scanning, Metasploit

EXPERIENCE
Information Security Specialist | DataSystems Inc. (2022 - Present)
- Established corporate-wide security compliance frameworks, resolving audit gaps.
- Enforcing security best practices for password hashing and data access controls.
- Monitoring active security logs and investigating potential network breach behaviors.

EDUCATION
Bachelor of Science in Computer Science
Metropolitan University (2018)",Security Analyst
"Heather Moore
Cybersecurity Analyst | Email: heather.moore@example.com | Phone: +1-555-386-2285

SUMMARY
A analytical Cybersecurity Analyst with 3+ years of experience in the software industry, specialized in designing secure firewall network guidelines and delivering high-quality business value.

SKILLS
Vulnerability Scanning, Wireshark, Kali Linux, Metasploit, SIEM, Network Security, Penetration Testing, Compliance

EXPERIENCE
Cybersecurity Analyst | Alpha Consulting (2021 - Present)
- Conducted network security audits and penetration tests, identifying and patching critical system openings.
- Ensuring servers, firewalls, and network configurations are patched and secure.
- Monitoring active security logs and investigating potential network breach behaviors.

EDUCATION
Bachelor of Engineering
Metropolitan University (2018)",Security Analyst
"Charles Williams
Security Engineer | Email: charles.williams@example.com | Phone: +1-555-161-5572

SUMMARY
A alert Security Engineer with 4+ years of experience in the software industry, specialized in enforcing safety compliance policies and delivering high-quality business value.

SKILLS
Cryptography, Network Security, Penetration Testing, Kali Linux, Compliance, Wireshark, SIEM

EXPERIENCE
Cybersecurity Analyst | SecureNet Solutions (2022 - Present)
- Established corporate-wide security compliance frameworks, resolving audit gaps.
- Monitoring active security logs and investigating potential network breach behaviors.
- Ensuring servers, firewalls, and network configurations are patched and secure.

EDUCATION
Bachelor of Science in Computer Science
Western Engineering College (2017)",Security Analyst
"Thomas Thompson
Information Security Specialist | Email: thomas.thompson@example.com | Phone: +1-555-321-1448

SUMMARY
A alert Information Security Specialist with 4+ years of experience in the software industry, specialized in enforcing safety compliance policies and delivering high-quality business value.

SKILLS
Vulnerability Scanning, Cryptography, Firewalls, Compliance, Network Security, Wireshark

EXPERIENCE
Security Engineer | SecureNet Solutions (2022 - Present)
- Established corporate-wide security compliance frameworks, resolving audit gaps.
- Monitoring active security logs and investigating potential network breach behaviors.
- Ensuring servers, firewalls, and network configurations are patched and secure.

EDUCATION
MS in Software Engineering
National Science University (2015)",Security Analyst
"William Smith
Cybersecurity Analyst | Email: william.smith@example.com | Phone: +1-555-387-5495

SUMMARY
A analytical Cybersecurity Analyst with 3+ years of experience in the software industry, specialized in performing risk penetration auditing and delivering high-quality business value.

SKILLS
Cryptography, Penetration Testing, Firewalls, Metasploit, Compliance, SIEM, Vulnerability Scanning, Wireshark

EXPERIENCE
Security Engineer | WebFlow Digital (2022 - Present)
- Established corporate-wide security compliance frameworks, resolving audit gaps.
- Ensuring servers, firewalls, and network configurations are patched and secure.
- Monitoring active security logs and investigating potential network breach behaviors.

EDUCATION
MS in Software Engineering
Institute of Science & Tech (2012)",Security Analyst
"Amanda Smith
Information Security Specialist | Email: amanda.smith@example.com | Phone: +1-555-577-1606

SUMMARY
A alert Information Security Specialist with 6+ years of experience in the software industry, specialized in designing secure firewall network guidelines and delivering high-quality business value.

SKILLS
Compliance, Kali Linux, Firewalls, Network Security, Cryptography, Metasploit

EXPERIENCE
Cybersecurity Analyst | InnovateSoft (2021 - Present)
- Established corporate-wide security compliance frameworks, resolving audit gaps.
- Ensuring servers, firewalls, and network configurations are patched and secure.
- Enforcing security best practices for password hashing and data access controls.

EDUCATION
MS in Software Engineering
State University of Technology (2015)",Security Analyst
"David Jones
Cybersecurity Analyst | Email: david.jones@example.com | Phone: +1-555-992-1812

SUMMARY
A security-focused Cybersecurity Analyst with 5+ years of experience in the software industry, specialized in identifying security vulnerabilities and delivering high-quality business value.

SKILLS
Vulnerability Scanning, Network Security, SIEM, Penetration Testing, Firewalls, Kali Linux, Cryptography, Metasploit

EXPERIENCE
Cybersecurity Analyst | WebFlow Digital (2020 - Present)
- Established corporate-wide security compliance frameworks, resolving audit gaps.
- Enforcing security best practices for password hashing and data access controls.
- Monitoring active security logs and investigating potential network breach behaviors.

EDUCATION
Bachelor of Science in Information Systems
State University of Technology (2017)",Security Analyst
"Michael Williams
Cybersecurity Analyst | Email: michael.williams@example.com | Phone: +1-555-619-8271

SUMMARY
A security-focused Cybersecurity Analyst with 5+ years of experience in the software industry, specialized in designing secure firewall network guidelines and delivering high-quality business value.

SKILLS
Compliance, SIEM, Cryptography, Penetration Testing, Vulnerability Scanning, Wireshark, Metasploit

EXPERIENCE
Information Security Specialist | CloudDynamics (2018 - Present)
- Established corporate-wide security compliance frameworks, resolving audit gaps.
- Ensuring servers, firewalls, and network configurations are patched and secure.
- Enforcing security best practices for password hashing and data access controls.

EDUCATION
Bachelor of Engineering
Institute of Science & Tech (2016)",Security Analyst
"Heather Smith
Cybersecurity Analyst | Email: heather.smith@example.com | Phone: +1-555-264-7034

SUMMARY
A highly vigilant Cybersecurity Analyst with 4+ years of experience in the software industry, specialized in designing secure firewall network guidelines and delivering high-quality business value.

SKILLS
Compliance, Wireshark, SIEM, Firewalls, Network Security, Cryptography

EXPERIENCE
Cybersecurity Analyst | NexGen Enterprises (2020 - Present)
- Designed and held staff workshops on cyber hygiene and corporate phishing awareness.
- Enforcing security best practices for password hashing and data access controls.
- Monitoring active security logs and investigating potential network breach behaviors.

EDUCATION
MS in Information Technology
Institute of Science & Tech (2013)",Security Analyst
"Robert Garcia
Security Engineer | Email: robert.garcia@example.com | Phone: +1-555-678-9249

SUMMARY
A alert Security Engineer with 4+ years of experience in the software industry, specialized in identifying security vulnerabilities and delivering high-quality business value.

SKILLS
Network Security, Vulnerability Scanning, Compliance, Metasploit, Cryptography, Kali Linux, SIEM, Penetration Testing

EXPERIENCE
Information Security Specialist | Apex Global (2019 - Present)
- Configured and managed corporate SIEM dashboard to identify and isolate active network threats.
- Ensuring servers, firewalls, and network configurations are patched and secure.
- Enforcing security best practices for password hashing and data access controls.

EDUCATION
Bachelor of Science in Computer Science
National Science University (2015)",Security Analyst
"Amanda Thomas
Information Security Specialist | Email: amanda.thomas@example.com | Phone: +1-555-470-2305

SUMMARY
A security-focused Information Security Specialist with 6+ years of experience in the software industry, specialized in performing risk penetration auditing and delivering high-quality business value.

SKILLS
Wireshark, Network Security, Cryptography, Kali Linux, Firewalls, Vulnerability Scanning, SIEM, Compliance

EXPERIENCE
Security Engineer | NexGen Enterprises (2019 - Present)
- Established corporate-wide security compliance frameworks, resolving audit gaps.
- Ensuring servers, firewalls, and network configurations are patched and secure.
- Enforcing security best practices for password hashing and data access controls.

EDUCATION
Bachelor of Engineering
Tech University (2013)",Security Analyst
"Ashley Thomas
Security Engineer | Email: ashley.thomas@example.com | Phone: +1-555-617-3431

SUMMARY
A alert Security Engineer with 5+ years of experience in the software industry, specialized in designing secure firewall network guidelines and delivering high-quality business value.

SKILLS
Penetration Testing, Metasploit, Kali Linux, Wireshark, Vulnerability Scanning, Firewalls, Cryptography

EXPERIENCE
Cybersecurity Analyst | InnovateSoft (2019 - Present)
- Designed and held staff workshops on cyber hygiene and corporate phishing awareness.
- Monitoring active security logs and investigating potential network breach behaviors.
- Enforcing security best practices for password hashing and data access controls.

EDUCATION
Bachelor of Science in Computer Science
State University of Technology (2020)",Security Analyst
"Melissa Taylor
Cybersecurity Analyst | Email: melissa.taylor@example.com | Phone: +1-555-532-6805

SUMMARY
A alert Cybersecurity Analyst with 3+ years of experience in the software industry, specialized in designing secure firewall network guidelines and delivering high-quality business value.

SKILLS
SIEM, Compliance, Kali Linux, Vulnerability Scanning, Penetration Testing, Cryptography

EXPERIENCE
Information Security Specialist | Apex Global (2021 - Present)
- Designed and held staff workshops on cyber hygiene and corporate phishing awareness.
- Enforcing security best practices for password hashing and data access controls.
- Ensuring servers, firewalls, and network configurations are patched and secure.

EDUCATION
Bachelor of Engineering
Institute of Science & Tech (2014)",Security Analyst
"David Thompson
Cybersecurity Analyst | Email: david.thompson@example.com | Phone: +1-555-939-9345

SUMMARY
A analytical Cybersecurity Analyst with 3+ years of experience in the software industry, specialized in identifying security vulnerabilities and delivering high-quality business value.

SKILLS
Network Security, Cryptography, SIEM, Wireshark, Kali Linux, Firewalls, Metasploit, Penetration Testing

EXPERIENCE
Information Security Specialist | DataSystems Inc. (2020 - Present)
- Established corporate-wide security compliance frameworks, resolving audit gaps.
- Monitoring active security logs and investigating potential network breach behaviors.
- Ensuring servers, firewalls, and network configurations are patched and secure.

EDUCATION
Bachelor of Engineering
Metropolitan University (2018)",Security Analyst
"Sarah Miller
Security Engineer | Email: sarah.miller@example.com | Phone: +1-555-246-1687

SUMMARY
A analytical Security Engineer with 3+ years of experience in the software industry, specialized in enforcing safety compliance policies and delivering high-quality business value.

SKILLS
Compliance, SIEM, Kali Linux, Metasploit, Cryptography, Network Security, Penetration Testing, Firewalls

EXPERIENCE
Information Security Specialist | WebFlow Digital (2021 - Present)
- Configured and managed corporate SIEM dashboard to identify and isolate active network threats.
- Monitoring active security logs and investigating potential network breach behaviors.
- Ensuring servers, firewalls, and network configurations are patched and secure.

EDUCATION
Bachelor of Engineering
Western Engineering College (2013)",Security Analyst
"Joseph Rodriguez
Cybersecurity Analyst | Email: joseph.rodriguez@example.com | Phone: +1-555-244-2572

SUMMARY
A analytical Cybersecurity Analyst with 4+ years of experience in the software industry, specialized in identifying security vulnerabilities and delivering high-quality business value.

SKILLS
Vulnerability Scanning, Wireshark, Penetration Testing, Compliance, Network Security, Metasploit, Kali Linux, Cryptography

EXPERIENCE
Security Engineer | NexGen Enterprises (2021 - Present)
- Designed and held staff workshops on cyber hygiene and corporate phishing awareness.
- Enforcing security best practices for password hashing and data access controls.
- Monitoring active security logs and investigating potential network breach behaviors.

EDUCATION
MS in Software Engineering
Metropolitan University (2013)",Security Analyst
"Michael Hernandez
Information Security Specialist | Email: michael.hernandez@example.com | Phone: +1-555-542-9081

SUMMARY
A security-focused Information Security Specialist with 3+ years of experience in the software industry, specialized in designing secure firewall network guidelines and delivering high-quality business value.

SKILLS
Kali Linux, SIEM, Compliance, Vulnerability Scanning, Network Security, Penetration Testing, Metasploit, Firewalls

EXPERIENCE
Information Security Specialist | ByteWise Technologies (2020 - Present)
- Designed and held staff workshops on cyber hygiene and corporate phishing awareness.
- Enforcing security best practices for password hashing and data access controls.
- Monitoring active security logs and investigating potential network breach behaviors.

EDUCATION
Bachelor of Engineering
Tech University (2018)",Security Analyst
"Michael Martin
Security Engineer | Email: michael.martin@example.com | Phone: +1-555-425-4119

SUMMARY
A security-focused Security Engineer with 5+ years of experience in the software industry, specialized in identifying security vulnerabilities and delivering high-quality business value.

SKILLS
Compliance, Cryptography, Wireshark, SIEM, Kali Linux, Metasploit

EXPERIENCE
Information Security Specialist | Alpha Consulting (2019 - Present)
- Configured and managed corporate SIEM dashboard to identify and isolate active network threats.
- Enforcing security best practices for password hashing and data access controls.
- Ensuring servers, firewalls, and network configurations are patched and secure.

EDUCATION
Bachelor of Engineering
State University of Technology (2015)",Security Analyst
"Robert Martin
Web Developer | Email: robert.martin@example.com | Phone: +1-555-977-4509

SUMMARY
A experienced Web Developer with 6+ years of experience in the software industry, specialized in developing dynamic websites and delivering high-quality business value.

SKILLS
Vite, PHP, JavaScript, HTML, MySQL, WordPress, jQuery, Responsive Design

EXPERIENCE
Web Designer & Developer | NexGen Enterprises (2019 - Present)
- Built robust, database-driven sites with PHP and Laravel, ensuring secure payment gateways.
- Troubleshooting backend site bugs and managing website server migrations.
- Updating existing websites to maintain cross-browser styling and scripting layouts.

EDUCATION
Bachelor of Engineering
State University of Technology (2016)",Web Developer
"Jennifer Moore
Web Designer & Developer | Email: jennifer.moore@example.com | Phone: +1-555-915-7425

SUMMARY
A customer-focused Web Designer & Developer with 4+ years of experience in the software industry, specialized in integrating ecommerce and custom modules and delivering high-quality business value.

SKILLS
PHP, CSS, WordPress, MySQL, jQuery, Laravel

EXPERIENCE
Web Developer | DataSystems Inc. (2021 - Present)
- Developed custom plugins and themes for WordPress sites, optimizing system loading times.
- Troubleshooting backend site bugs and managing website server migrations.
- Partnering with businesses to detail hosting configurations and analytics tracking.

EDUCATION
Bachelor of Science in Computer Science
Metropolitan University (2018)",Web Developer
"William Moore
Web Designer & Developer | Email: william.moore@example.com | Phone: +1-555-960-9014

SUMMARY
A experienced Web Designer & Developer with 3+ years of experience in the software industry, specialized in customizing CMS platforms and delivering high-quality business value.

SKILLS
WordPress, Bootstrap, PHP, MySQL, HTML, Laravel, JavaScript

EXPERIENCE
Full Stack Developer | Apex Global (2021 - Present)
- Improved website search indexing through technical SEO auditing and meta adjustments.
- Troubleshooting backend site bugs and managing website server migrations.
- Partnering with businesses to detail hosting configurations and analytics tracking.

EDUCATION
Bachelor of Engineering
Tech University (2016)",Web Developer
"Jennifer Garcia
Full Stack Developer | Email: jennifer.garcia@example.com | Phone: +1-555-447-1747

SUMMARY
A experienced Full Stack Developer with 5+ years of experience in the software industry, specialized in integrating ecommerce and custom modules and delivering high-quality business value.

SKILLS
JavaScript, Bootstrap, PHP, CSS, Laravel, Git, WordPress, MySQL

EXPERIENCE
Full Stack Developer | TechCorp Solutions (2018 - Present)
- Designed and launched responsive ecommerce websites, increasing sales conversions by 20%.
- Partnering with businesses to detail hosting configurations and analytics tracking.
- Troubleshooting backend site bugs and managing website server migrations.

EDUCATION
Bachelor of Engineering
Western Engineering College (2013)",Web Developer
"John Martin
Web Designer & Developer | Email: john.martin@example.com | Phone: +1-555-315-6932

SUMMARY
A versatile Web Designer & Developer with 6+ years of experience in the software industry, specialized in customizing CMS platforms and delivering high-quality business value.

SKILLS
PHP, WordPress, JavaScript, Laravel, Vite, MySQL, CSS, Responsive Design

EXPERIENCE
Web Developer | DataSystems Inc. (2018 - Present)
- Designed and launched responsive ecommerce websites, increasing sales conversions by 20%.
- Partnering with businesses to detail hosting configurations and analytics tracking.
- Updating existing websites to maintain cross-browser styling and scripting layouts.

EDUCATION
Bachelor of Science in Information Systems
Institute of Science & Tech (2019)",Web Developer
"John Miller
Web Developer | Email: john.miller@example.com | Phone: +1-555-389-5939

SUMMARY
A versatile Web Developer with 3+ years of experience in the software industry, specialized in customizing CMS platforms and delivering high-quality business value.

SKILLS
Responsive Design, CSS, MySQL, SEO, JavaScript, WordPress, Vite

EXPERIENCE
Web Developer | InnovateSoft (2018 - Present)
- Improved website search indexing through technical SEO auditing and meta adjustments.
- Updating existing websites to maintain cross-browser styling and scripting layouts.
- Partnering with businesses to detail hosting configurations and analytics tracking.

EDUCATION
Bachelor of Science in Information Systems
Western Engineering College (2014)",Web Developer
"Michael Thompson
Web Developer | Email: michael.thompson@example.com | Phone: +1-555-911-7408

SUMMARY
A customer-focused Web Developer with 6+ years of experience in the software industry, specialized in designing clean web layouts and delivering high-quality business value.

SKILLS
Responsive Design, HTML, WordPress, SEO, jQuery, PHP, Git, JavaScript

EXPERIENCE
Full Stack Developer | NexGen Enterprises (2021 - Present)
- Built robust, database-driven sites with PHP and Laravel, ensuring secure payment gateways.
- Troubleshooting backend site bugs and managing website server migrations.
- Updating existing websites to maintain cross-browser styling and scripting layouts.

EDUCATION
MS in Information Technology
Institute of Science & Tech (2020)",Web Developer
"Thomas Moore
Web Designer & Developer | Email: thomas.moore@example.com | Phone: +1-555-391-9736

SUMMARY
A versatile Web Designer & Developer with 3+ years of experience in the software industry, specialized in integrating ecommerce and custom modules and delivering high-quality business value.

SKILLS
Responsive Design, MySQL, Laravel, Bootstrap, CSS, jQuery, Vite

EXPERIENCE
Full Stack Developer | NexGen Enterprises (2018 - Present)
- Developed custom plugins and themes for WordPress sites, optimizing system loading times.
- Troubleshooting backend site bugs and managing website server migrations.
- Partnering with businesses to detail hosting configurations and analytics tracking.

EDUCATION
MS in Software Engineering
Western Engineering College (2013)",Web Developer
"Charles Martinez
Web Developer | Email: charles.martinez@example.com | Phone: +1-555-247-2370

SUMMARY
A versatile Web Developer with 6+ years of experience in the software industry, specialized in customizing CMS platforms and delivering high-quality business value.

SKILLS
PHP, CSS, JavaScript, MySQL, jQuery, Git, HTML, Bootstrap

EXPERIENCE
Full Stack Developer | WebFlow Digital (2021 - Present)
- Built robust, database-driven sites with PHP and Laravel, ensuring secure payment gateways.
- Updating existing websites to maintain cross-browser styling and scripting layouts.
- Partnering with businesses to detail hosting configurations and analytics tracking.

EDUCATION
Bachelor of Engineering
National Science University (2018)",Web Developer
"James Rodriguez
Web Designer & Developer | Email: james.rodriguez@example.com | Phone: +1-555-806-4427

SUMMARY
A experienced Web Designer & Developer with 4+ years of experience in the software industry, specialized in integrating ecommerce and custom modules and delivering high-quality business value.

SKILLS
PHP, Laravel, jQuery, SEO, Bootstrap, CSS, HTML, Git

EXPERIENCE
Web Developer | InnovateSoft (2021 - Present)
- Designed and launched responsive ecommerce websites, increasing sales conversions by 20%.
- Updating existing websites to maintain cross-browser styling and scripting layouts.
- Partnering with businesses to detail hosting configurations and analytics tracking.

EDUCATION
MS in Information Technology
State University of Technology (2019)",Web Developer
"Michael Johnson
Web Developer | Email: michael.johnson@example.com | Phone: +1-555-534-9113

SUMMARY
A experienced Web Developer with 6+ years of experience in the software industry, specialized in customizing CMS platforms and delivering high-quality business value.

SKILLS
HTML, WordPress, CSS, MySQL, Responsive Design, Bootstrap, jQuery

EXPERIENCE
Full Stack Developer | Apex Global (2022 - Present)
- Developed custom plugins and themes for WordPress sites, optimizing system loading times.
- Updating existing websites to maintain cross-browser styling and scripting layouts.
- Troubleshooting backend site bugs and managing website server migrations.

EDUCATION
Bachelor of Science in Information Systems
National Science University (2015)",Web Developer
"Heather Anderson
Full Stack Developer | Email: heather.anderson@example.com | Phone: +1-555-631-5116

SUMMARY
A experienced Full Stack Developer with 4+ years of experience in the software industry, specialized in customizing CMS platforms and delivering high-quality business value.

SKILLS
Responsive Design, JavaScript, Git, Bootstrap, jQuery, HTML, SEO, PHP

EXPERIENCE
Full Stack Developer | CloudDynamics (2019 - Present)
- Designed and launched responsive ecommerce websites, increasing sales conversions by 20%.
- Updating existing websites to maintain cross-browser styling and scripting layouts.
- Troubleshooting backend site bugs and managing website server migrations.

EDUCATION
MS in Information Technology
State University of Technology (2013)",Web Developer
"Stephanie Hernandez
Web Developer | Email: stephanie.hernandez@example.com | Phone: +1-555-438-2551

SUMMARY
A experienced Web Developer with 3+ years of experience in the software industry, specialized in customizing CMS platforms and delivering high-quality business value.

SKILLS
SEO, Bootstrap, PHP, Laravel, HTML, Git, JavaScript

EXPERIENCE
Web Designer & Developer | WebFlow Digital (2021 - Present)
- Built robust, database-driven sites with PHP and Laravel, ensuring secure payment gateways.
- Troubleshooting backend site bugs and managing website server migrations.
- Partnering with businesses to detail hosting configurations and analytics tracking.

EDUCATION
Bachelor of Engineering
Western Engineering College (2020)",Web Developer
"Richard Williams
Web Developer | Email: richard.williams@example.com | Phone: +1-555-706-3497

SUMMARY
A versatile Web Developer with 5+ years of experience in the software industry, specialized in designing clean web layouts and delivering high-quality business value.

SKILLS
Vite, CSS, JavaScript, Bootstrap, MySQL, Laravel, WordPress

EXPERIENCE
Full Stack Developer | NexGen Enterprises (2022 - Present)
- Improved website search indexing through technical SEO auditing and meta adjustments.
- Updating existing websites to maintain cross-browser styling and scripting layouts.
- Partnering with businesses to detail hosting configurations and analytics tracking.

EDUCATION
Bachelor of Science in Computer Science
State University of Technology (2015)",Web Developer
"Robert White
Web Developer | Email: robert.white@example.com | Phone: +1-555-250-3348

SUMMARY
A experienced Web Developer with 4+ years of experience in the software industry, specialized in developing dynamic websites and delivering high-quality business value.

SKILLS
HTML, JavaScript, Bootstrap, jQuery, MySQL, Vite

EXPERIENCE
Web Designer & Developer | Apex Global (2020 - Present)
- Designed and launched responsive ecommerce websites, increasing sales conversions by 20%.
- Updating existing websites to maintain cross-browser styling and scripting layouts.
- Troubleshooting backend site bugs and managing website server migrations.

EDUCATION
MS in Software Engineering
Institute of Science & Tech (2019)",Web Developer
"Emily Wilson
Full Stack Developer | Email: emily.wilson@example.com | Phone: +1-555-958-9552

SUMMARY
A highly creative Full Stack Developer with 5+ years of experience in the software industry, specialized in customizing CMS platforms and delivering high-quality business value.

SKILLS
WordPress, Responsive Design, JavaScript, MySQL, Bootstrap, jQuery, PHP, Laravel

EXPERIENCE
Web Designer & Developer | WebFlow Digital (2018 - Present)
- Improved website search indexing through technical SEO auditing and meta adjustments.
- Partnering with businesses to detail hosting configurations and analytics tracking.
- Troubleshooting backend site bugs and managing website server migrations.

EDUCATION
MS in Information Technology
Tech University (2017)",Web Developer
"Amanda Anderson
Web Developer | Email: amanda.anderson@example.com | Phone: +1-555-845-7948

SUMMARY
A versatile Web Developer with 4+ years of experience in the software industry, specialized in integrating ecommerce and custom modules and delivering high-quality business value.

SKILLS
Responsive Design, HTML, PHP, jQuery, Laravel, SEO

EXPERIENCE
Full Stack Developer | TechCorp Solutions (2022 - Present)
- Built robust, database-driven sites with PHP and Laravel, ensuring secure payment gateways.
- Updating existing websites to maintain cross-browser styling and scripting layouts.
- Troubleshooting backend site bugs and managing website server migrations.

EDUCATION
Bachelor of Engineering
Western Engineering College (2012)",Web Developer
"Heather Rodriguez
Web Designer & Developer | Email: heather.rodriguez@example.com | Phone: +1-555-134-5504

SUMMARY
A experienced Web Designer & Developer with 3+ years of experience in the software industry, specialized in integrating ecommerce and custom modules and delivering high-quality business value.

SKILLS
Responsive Design, WordPress, Git, HTML, Vite, jQuery, SEO, Laravel

EXPERIENCE
Web Developer | Alpha Consulting (2021 - Present)
- Improved website search indexing through technical SEO auditing and meta adjustments.
- Partnering with businesses to detail hosting configurations and analytics tracking.
- Updating existing websites to maintain cross-browser styling and scripting layouts.

EDUCATION
Bachelor of Science in Computer Science
Metropolitan University (2012)",Web Developer
"Heather Jones
Web Developer | Email: heather.jones@example.com | Phone: +1-555-822-3898

SUMMARY
A highly creative Web Developer with 3+ years of experience in the software industry, specialized in integrating ecommerce and custom modules and delivering high-quality business value.

SKILLS
jQuery, SEO, HTML, Laravel, CSS, WordPress

EXPERIENCE
Web Designer & Developer | DataSystems Inc. (2022 - Present)
- Designed and launched responsive ecommerce websites, increasing sales conversions by 20%.
- Troubleshooting backend site bugs and managing website server migrations.
- Partnering with businesses to detail hosting configurations and analytics tracking.

EDUCATION
MS in Information Technology
Western Engineering College (2017)",Web Developer
"Melissa Smith
Full Stack Developer | Email: melissa.smith@example.com | Phone: +1-555-780-7605

SUMMARY
A highly creative Full Stack Developer with 5+ years of experience in the software industry, specialized in developing dynamic websites and delivering high-quality business value.

SKILLS
JavaScript, Responsive Design, WordPress, CSS, Git, jQuery, HTML, Bootstrap

EXPERIENCE
Web Designer & Developer | NexGen Enterprises (2019 - Present)
- Improved website search indexing through technical SEO auditing and meta adjustments.
- Updating existing websites to maintain cross-browser styling and scripting layouts.
- Partnering with businesses to detail hosting configurations and analytics tracking.

EDUCATION
Bachelor of Engineering
Metropolitan University (2020)",Web Developer
"Emily Brown
Web Designer & Developer | Email: emily.brown@example.com | Phone: +1-555-449-8639

SUMMARY
A highly creative Web Designer & Developer with 3+ years of experience in the software industry, specialized in integrating ecommerce and custom modules and delivering high-quality business value.

SKILLS
CSS, JavaScript, Git, Responsive Design, Laravel, HTML

EXPERIENCE
Web Developer | CloudDynamics (2018 - Present)
- Built robust, database-driven sites with PHP and Laravel, ensuring secure payment gateways.
- Troubleshooting backend site bugs and managing website server migrations.
- Updating existing websites to maintain cross-browser styling and scripting layouts.

EDUCATION
MS in Information Technology
Metropolitan University (2015)",Web Developer
"William Wilson
Web Designer & Developer | Email: william.wilson@example.com | Phone: +1-555-154-7214

SUMMARY
A customer-focused Web Designer & Developer with 4+ years of experience in the software industry, specialized in customizing CMS platforms and delivering high-quality business value.

SKILLS
Vite, Laravel, MySQL, PHP, Git, WordPress

EXPERIENCE
Full Stack Developer | DataSystems Inc. (2019 - Present)
- Built robust, database-driven sites with PHP and Laravel, ensuring secure payment gateways.
- Partnering with businesses to detail hosting configurations and analytics tracking.
- Troubleshooting backend site bugs and managing website server migrations.

EDUCATION
Bachelor of Engineering
Tech University (2019)",Web Developer
"Emily Thompson
Web Designer & Developer | Email: emily.thompson@example.com | Phone: +1-555-472-6715

SUMMARY
A experienced Web Designer & Developer with 3+ years of experience in the software industry, specialized in customizing CMS platforms and delivering high-quality business value.

SKILLS
MySQL, JavaScript, Bootstrap, Vite, PHP, Git, Responsive Design, Laravel

EXPERIENCE
Full Stack Developer | WebFlow Digital (2019 - Present)
- Built robust, database-driven sites with PHP and Laravel, ensuring secure payment gateways.
- Updating existing websites to maintain cross-browser styling and scripting layouts.
- Partnering with businesses to detail hosting configurations and analytics tracking.

EDUCATION
Bachelor of Engineering
State University of Technology (2019)",Web Developer
"Thomas Johnson
Web Designer & Developer | Email: thomas.johnson@example.com | Phone: +1-555-218-9471

SUMMARY
A versatile Web Designer & Developer with 5+ years of experience in the software industry, specialized in integrating ecommerce and custom modules and delivering high-quality business value.

SKILLS
Vite, Laravel, Responsive Design, Git, MySQL, HTML, JavaScript

EXPERIENCE
Web Developer | InnovateSoft (2020 - Present)
- Developed custom plugins and themes for WordPress sites, optimizing system loading times.
- Troubleshooting backend site bugs and managing website server migrations.
- Partnering with businesses to detail hosting configurations and analytics tracking.

EDUCATION
Bachelor of Engineering
Metropolitan University (2013)",Web Developer
"David Anderson
Full Stack Developer | Email: david.anderson@example.com | Phone: +1-555-413-3666

SUMMARY
A versatile Full Stack Developer with 6+ years of experience in the software industry, specialized in developing dynamic websites and delivering high-quality business value.

SKILLS
jQuery, Vite, Responsive Design, MySQL, SEO, Git, Bootstrap, CSS

EXPERIENCE
Web Designer & Developer | WebFlow Digital (2020 - Present)
- Built robust, database-driven sites with PHP and Laravel, ensuring secure payment gateways.
- Troubleshooting backend site bugs and managing website server migrations.
- Partnering with businesses to detail hosting configurations and analytics tracking.

EDUCATION
Bachelor of Engineering
Tech University (2015)",Web Developer
"Melissa Brown
Full Stack Developer | Email: melissa.brown@example.com | Phone: +1-555-531-7977

SUMMARY
A experienced Full Stack Developer with 5+ years of experience in the software industry, specialized in developing dynamic websites and delivering high-quality business value.

SKILLS
JavaScript, WordPress, Vite, Bootstrap, PHP, Git, CSS, Laravel

EXPERIENCE
Web Developer | Apex Global (2018 - Present)
- Built robust, database-driven sites with PHP and Laravel, ensuring secure payment gateways.
- Updating existing websites to maintain cross-browser styling and scripting layouts.
- Troubleshooting backend site bugs and managing website server migrations.

EDUCATION
MS in Software Engineering
Institute of Science & Tech (2014)",Web Developer
"Amanda Smith
Web Developer | Email: amanda.smith@example.com | Phone: +1-555-774-3416

SUMMARY
A versatile Web Developer with 4+ years of experience in the software industry, specialized in designing clean web layouts and delivering high-quality business value.

SKILLS
JavaScript, PHP, Responsive Design, MySQL, CSS, SEO

EXPERIENCE
Full Stack Developer | CloudDynamics (2022 - Present)
- Designed and launched responsive ecommerce websites, increasing sales conversions by 20%.
- Troubleshooting backend site bugs and managing website server migrations.
- Updating existing websites to maintain cross-browser styling and scripting layouts.

EDUCATION
Bachelor of Engineering
Tech University (2019)",Web Developer
"Stephanie Taylor
Full Stack Developer | Email: stephanie.taylor@example.com | Phone: +1-555-815-4481

SUMMARY
A experienced Full Stack Developer with 5+ years of experience in the software industry, specialized in integrating ecommerce and custom modules and delivering high-quality business value.

SKILLS
MySQL, JavaScript, Laravel, Responsive Design, Git, SEO

EXPERIENCE
Web Designer & Developer | WebFlow Digital (2021 - Present)
- Improved website search indexing through technical SEO auditing and meta adjustments.
- Partnering with businesses to detail hosting configurations and analytics tracking.
- Updating existing websites to maintain cross-browser styling and scripting layouts.

EDUCATION
Bachelor of Engineering
Institute of Science & Tech (2012)",Web Developer
"Joseph White
Full Stack Developer | Email: joseph.white@example.com | Phone: +1-555-282-4852

SUMMARY
A customer-focused Full Stack Developer with 3+ years of experience in the software industry, specialized in designing clean web layouts and delivering high-quality business value.

SKILLS
Vite, MySQL, CSS, PHP, JavaScript, jQuery, SEO, HTML

EXPERIENCE
Full Stack Developer | DataSystems Inc. (2020 - Present)
- Designed and launched responsive ecommerce websites, increasing sales conversions by 20%.
- Troubleshooting backend site bugs and managing website server migrations.
- Partnering with businesses to detail hosting configurations and analytics tracking.

EDUCATION
MS in Information Technology
Institute of Science & Tech (2014)",Web Developer
"Charles Wilson
Web Developer | Email: charles.wilson@example.com | Phone: +1-555-496-8875

SUMMARY
A customer-focused Web Developer with 5+ years of experience in the software industry, specialized in integrating ecommerce and custom modules and delivering high-quality business value.

SKILLS
MySQL, SEO, Bootstrap, CSS, jQuery, Vite

EXPERIENCE
Web Designer & Developer | Apex Global (2018 - Present)
- Improved website search indexing through technical SEO auditing and meta adjustments.
- Updating existing websites to maintain cross-browser styling and scripting layouts.
- Partnering with businesses to detail hosting configurations and analytics tracking.

EDUCATION
Bachelor of Engineering
State University of Technology (2020)",Web Developer
"Jessica Hernandez
Web Designer & Developer | Email: jessica.hernandez@example.com | Phone: +1-555-111-8964

SUMMARY
A experienced Web Designer & Developer with 3+ years of experience in the software industry, specialized in integrating ecommerce and custom modules and delivering high-quality business value.

SKILLS
MySQL, WordPress, SEO, CSS, jQuery, Laravel, Git

EXPERIENCE
Web Designer & Developer | Alpha Consulting (2020 - Present)
- Built robust, database-driven sites with PHP and Laravel, ensuring secure payment gateways.
- Updating existing websites to maintain cross-browser styling and scripting layouts.
- Partnering with businesses to detail hosting configurations and analytics tracking.

EDUCATION
MS in Software Engineering
Western Engineering College (2018)",Web Developer
"Robert Jones
Web Designer & Developer | Email: robert.jones@example.com | Phone: +1-555-107-6523

SUMMARY
A customer-focused Web Designer & Developer with 6+ years of experience in the software industry, specialized in customizing CMS platforms and delivering high-quality business value.

SKILLS
HTML, jQuery, WordPress, Git, CSS, Responsive Design, PHP

EXPERIENCE
Web Designer & Developer | Apex Global (2018 - Present)
- Built robust, database-driven sites with PHP and Laravel, ensuring secure payment gateways.
- Troubleshooting backend site bugs and managing website server migrations.
- Partnering with businesses to detail hosting configurations and analytics tracking.

EDUCATION
Bachelor of Engineering
National Science University (2016)",Web Developer
"James Jackson
Full Stack Developer | Email: james.jackson@example.com | Phone: +1-555-373-3928

SUMMARY
A customer-focused Full Stack Developer with 3+ years of experience in the software industry, specialized in integrating ecommerce and custom modules and delivering high-quality business value.

SKILLS
Laravel, WordPress, SEO, HTML, CSS, Git, jQuery

EXPERIENCE
Web Designer & Developer | TechCorp Solutions (2022 - Present)
- Improved website search indexing through technical SEO auditing and meta adjustments.
- Updating existing websites to maintain cross-browser styling and scripting layouts.
- Partnering with businesses to detail hosting configurations and analytics tracking.

EDUCATION
Bachelor of Science in Computer Science
Western Engineering College (2013)",Web Developer
"William Jones
Full Stack Developer | Email: william.jones@example.com | Phone: +1-555-748-9084

SUMMARY
A customer-focused Full Stack Developer with 6+ years of experience in the software industry, specialized in designing clean web layouts and delivering high-quality business value.

SKILLS
Vite, PHP, Bootstrap, Git, jQuery, HTML, SEO, JavaScript

EXPERIENCE
Web Developer | Apex Global (2018 - Present)
- Designed and launched responsive ecommerce websites, increasing sales conversions by 20%.
- Troubleshooting backend site bugs and managing website server migrations.
- Updating existing websites to maintain cross-browser styling and scripting layouts.

EDUCATION
Bachelor of Engineering
National Science University (2016)",Web Developer
"Ashley Taylor
Web Designer & Developer | Email: ashley.taylor@example.com | Phone: +1-555-122-4013

SUMMARY
A customer-focused Web Designer & Developer with 6+ years of experience in the software industry, specialized in developing dynamic websites and delivering high-quality business value.

SKILLS
Git, PHP, Vite, WordPress, SEO, Responsive Design

EXPERIENCE
Web Designer & Developer | TechCorp Solutions (2020 - Present)
- Improved website search indexing through technical SEO auditing and meta adjustments.
- Updating existing websites to maintain cross-browser styling and scripting layouts.
- Troubleshooting backend site bugs and managing website server migrations.

EDUCATION
Bachelor of Engineering
National Science University (2014)",Web Developer
"Thomas Martin
Web Designer & Developer | Email: thomas.martin@example.com | Phone: +1-555-787-1749

SUMMARY
A experienced Web Designer & Developer with 4+ years of experience in the software industry, specialized in customizing CMS platforms and delivering high-quality business value.

SKILLS
HTML, MySQL, PHP, Git, Responsive Design, JavaScript, jQuery

EXPERIENCE
Web Designer & Developer | WebFlow Digital (2021 - Present)
- Built robust, database-driven sites with PHP and Laravel, ensuring secure payment gateways.
- Updating existing websites to maintain cross-browser styling and scripting layouts.
- Partnering with businesses to detail hosting configurations and analytics tracking.

EDUCATION
MS in Information Technology
Tech University (2017)",Web Developer
"Joseph Williams
Web Designer & Developer | Email: joseph.williams@example.com | Phone: +1-555-726-5715

SUMMARY
A experienced Web Designer & Developer with 4+ years of experience in the software industry, specialized in integrating ecommerce and custom modules and delivering high-quality business value.

SKILLS
MySQL, jQuery, Bootstrap, HTML, Laravel, SEO, JavaScript, Git

EXPERIENCE
Full Stack Developer | Alpha Consulting (2019 - Present)
- Improved website search indexing through technical SEO auditing and meta adjustments.
- Updating existing websites to maintain cross-browser styling and scripting layouts.
- Partnering with businesses to detail hosting configurations and analytics tracking.

EDUCATION
MS in Software Engineering
Metropolitan University (2018)",Web Developer
"John Thompson
Web Designer & Developer | Email: john.thompson@example.com | Phone: +1-555-180-8971

SUMMARY
A customer-focused Web Designer & Developer with 5+ years of experience in the software industry, specialized in developing dynamic websites and delivering high-quality business value.

SKILLS
Bootstrap, Laravel, WordPress, SEO, Responsive Design, jQuery, Git, PHP

EXPERIENCE
Web Designer & Developer | TechCorp Solutions (2019 - Present)
- Developed custom plugins and themes for WordPress sites, optimizing system loading times.
- Partnering with businesses to detail hosting configurations and analytics tracking.
- Troubleshooting backend site bugs and managing website server migrations.

EDUCATION
Bachelor of Science in Information Systems
Institute of Science & Tech (2018)",Web Developer
"James Wilson
Web Developer | Email: james.wilson@example.com | Phone: +1-555-669-9040

SUMMARY
A experienced Web Developer with 6+ years of experience in the software industry, specialized in customizing CMS platforms and delivering high-quality business value.

SKILLS
CSS, Git, MySQL, PHP, Vite, Responsive Design, WordPress, JavaScript

EXPERIENCE
Web Designer & Developer | CloudDynamics (2019 - Present)
- Improved website search indexing through technical SEO auditing and meta adjustments.
- Partnering with businesses to detail hosting configurations and analytics tracking.
- Troubleshooting backend site bugs and managing website server migrations.

EDUCATION
Bachelor of Engineering
State University of Technology (2018)",Web Developer
"Heather Rodriguez
Web Designer & Developer | Email: heather.rodriguez@example.com | Phone: +1-555-427-6950

SUMMARY
A highly creative Web Designer & Developer with 6+ years of experience in the software industry, specialized in designing clean web layouts and delivering high-quality business value.

SKILLS
MySQL, jQuery, Responsive Design, WordPress, SEO, JavaScript

EXPERIENCE
Full Stack Developer | CloudDynamics (2021 - Present)
- Designed and launched responsive ecommerce websites, increasing sales conversions by 20%.
- Partnering with businesses to detail hosting configurations and analytics tracking.
- Troubleshooting backend site bugs and managing website server migrations.

EDUCATION
MS in Software Engineering
National Science University (2014)",Web Developer
